Custid,Dayswus,Age,Edu,Income,Kidhome,Teenhome,Freq,Recency,Monetary,Spcork
1005,1062,59,18,91852,0,1,25,26,1138,1
1014,619,35,18,57997,1,1,5,28,81,0
1015,1133,32,20,50289,1,0,1,231,20,0
1017,624,22,16,20043,0,0,2,37,16,0
1018,940,76,15,112765,0,0,39,72,2039,0
1022,1108,19,13,43392,0,0,5,4,118,0
1024,1178,33,19,41238,1,0,10,59,304,0
1025,680,68,15,104758,0,0,32,14,1595,0
1028,558,36,16,53489,0,1,2,12,32,0
1030,614,53,15,90708,0,0,19,61,767,0
1032,652,37,16,52474,1,1,1,421,19,0
1033,903,74,15,119982,0,0,36,52,1852,0
1036,854,41,18,65852,1,1,3,55,63,0
1037,1127,47,16,69713,0,1,28,64,1340,0
1051,972,35,18,36908,0,1,2,47,25,0
1053,558,74,14,113980,0,0,36,73,1854,0
1055,905,49,15,72287,0,0,18,53,719,0
1065,1084,31,14,43155,1,0,10,4,299,0
1070,1051,60,18,91907,0,0,31,45,1537,0
1074,881,33,20,60457,1,0,3,73,63,0
1099,946,28,19,40645,1,0,3,1,48,0
1101,670,45,20,47267,0,1,2,98,34,0
1107,1206,21,14,24589,1,0,2,98,29,0
1108,767,23,17,10000,0,0,3,12,34,0
1110,842,27,17,50468,1,0,3,43,41,0
1112,636,54,17,69431,0,1,4,77,74,0
1118,885,58,19,79072,0,1,23,81,1020,0
1122,1089,69,19,105286,0,0,38,15,1983,0
1126,963,61,17,96657,0,1,24,90,1079,0
1134,1141,77,16,117551,0,0,42,91,2226,1
1139,1228,56,18,73488,0,1,23,64,1026,0
1140,988,65,15,104547,0,0,34,16,1728,1
1141,611,70,18,120329,0,0,32,27,1601,1
1152,773,37,17,60350,1,1,5,67,89,0
1156,774,26,14,29821,1,1,5,29,54,0
1158,721,44,20,60716,0,1,11,95,339,0
1165,812,25,17,43284,1,0,4,39,93,0
1166,1134,64,19,92753,0,1,29,8,1411,0
1176,783,68,16,94717,0,0,26,66,1212,0
1178,879,54,16,97623,0,1,16,90,593,0
1190,1230,52,19,80250,0,1,21,21,888,0
1191,1051,45,14,55691,0,1,14,31,488,0
1198,561,27,18,51209,1,0,4,59,93,0
1214,740,78,15,129947,0,0,35,52,1795,0
1219,729,44,16,63622,0,0,15,9,536,0
1223,763,32,18,71679,1,0,3,99,64,0
1227,968,55,17,79717,0,1,19,1,779,0
1231,614,64,20,99829,0,0,26,30,1210,0
1232,718,37,19,39912,1,1,2,76,17,0
1234,1094,34,16,35980,0,0,5,8,118,0
1248,658,49,16,85496,0,1,22,32,960,0
1252,1026,57,19,73330,0,1,13,3,440,0
1260,926,53,19,75049,0,0,26,53,1205,0
1264,883,74,18,103687,0,1,26,40,1206,0
1286,690,21,15,30511,0,0,3,30,46,0
1304,570,40,14,60247,1,1,3,56,44,0
1307,948,61,16,88379,0,1,19,10,773,0
1309,574,34,15,50663,1,0,3,85,43,0
1312,819,71,16,97834,0,0,30,59,1471,0
1314,765,62,16,99255,0,1,18,30,718,0
1329,698,64,18,97804,0,0,27,5,1269,0
1330,688,60,19,106072,0,1,38,8,1984,1
1332,1067,76,20,123537,0,0,34,84,1734,0
1340,1088,68,20,79450,0,1,23,18,1010,0
1341,641,52,19,68425,0,0,11,97,345,0
1344,787,28,17,34755,1,0,4,49,47,0
1347,702,74,18,95995,0,0,20,33,837,0
1349,938,44,18,58524,1,1,6,39,149,0
1351,1199,40,16,72007,1,0,14,42,485,0
1353,1116,69,19,104414,0,0,38,48,1983,1
1358,889,54,17,86928,0,1,22,34,953,0
1363,1087,29,19,44774,1,0,1,438,18,0
1372,1089,60,15,85722,0,1,19,26,769,0
1378,1140,32,16,36084,1,0,5,86,94,0
1389,933,61,19,102375,0,1,19,35,775,0
1395,702,70,15,92560,0,0,20,91,838,0
1400,759,22,16,37315,1,0,3,1,34,0
1408,844,19,13,35790,0,0,1,38,19,0
1413,667,43,15,68448,1,1,6,74,147,0
1415,814,75,18,137338,0,0,41,16,2167,1
1420,987,72,17,102896,0,0,44,7,2348,0
1422,669,25,18,34304,0,1,1,538,12,0
1426,1234,26,14,31286,1,0,5,73,84,0
1436,1093,28,15,47720,1,0,3,54,65,0
1442,996,42,15,70021,1,1,8,41,223,0
1445,896,61,18,89653,1,0,22,71,953,0
1452,857,20,14,36977,1,0,3,16,37,0
1453,863,55,19,84327,0,1,19,60,761,0
1454,574,30,19,42248,1,1,2,31,19,0
1455,743,61,16,88081,0,1,18,49,707,0
1456,571,54,14,69523,1,1,7,22,183,0
1460,1035,38,16,66230,0,1,17,9,662,0
1462,886,72,16,127449,0,0,35,86,1795,1
1467,1120,60,15,100923,0,0,29,10,1399,1
1470,1003,70,15,93716,0,0,28,30,1341,0
1476,1234,62,17,94370,0,1,33,62,1658,0
1481,793,27,18,47816,1,0,5,69,88,0
1482,684,73,19,90570,0,0,28,10,1349,1
1486,1151,75,18,95122,0,0,30,32,1467,0
1487,1044,63,18,97484,0,1,30,28,1476,0
1492,1068,73,19,100554,0,0,29,20,1403,0
1493,1225,42,16,46366,0,1,14,42,492,0
1495,771,27,18,35677,1,0,4,6,32,0
1496,1038,44,19,81962,1,1,19,66,763,0
1502,628,37,18,63247,1,1,3,88,66,0
1507,1051,41,16,56437,1,1,7,66,185,0
1512,1238,40,15,66184,1,1,20,28,822,0
1515,933,52,18,73941,0,1,13,17,443,0
1516,645,42,17,64549,1,1,1,452,19,0
1530,1172,39,20,50795,1,1,5,70,118,0
1538,1152,61,20,97467,0,1,25,39,1151,0
1546,1002,50,15,74507,0,1,18,20,711,1
1547,1022,72,17,101944,0,0,30,66,1465,0
1553,1093,58,16,76622,0,1,22,26,951,0
1554,813,37,16,64090,1,1,4,26,91,0
1561,1021,73,20,106097,1,0,32,66,1599,0
1563,929,51,17,93822,0,1,26,52,1215,0
1583,1065,35,16,50687,1,1,3,60,63,0
1588,682,49,18,79670,0,1,15,80,546,1
1594,694,66,18,88946,0,0,22,78,958,1
1595,958,39,14,63621,1,1,5,56,117,0
1603,835,25,19,45552,1,0,3,31,48,0
1605,822,62,18,99946,1,0,29,41,1404,0
1612,806,19,13,10000,1,0,3,8,23,0
1622,738,65,20,87060,0,0,17,19,652,0
1625,1247,35,20,50698,1,0,17,64,647,0
1628,554,59,15,79736,0,1,8,27,222,0
1635,975,20,14,27974,0,0,4,14,43,0
1641,1121,26,16,44469,1,0,11,44,343,0
1645,892,40,16,70721,1,1,5,88,117,0
1646,992,68,17,99930,0,0,31,57,1536,0
1650,1028,31,18,43060,1,0,2,52,40,0
1652,1064,22,16,26717,1,0,1,323,13,0
1655,927,60,18,83592,1,1,17,29,655,0
1657,729,23,17,55943,1,0,3,98,64,0
1660,1179,66,18,78801,0,0,24,76,1089,0
1661,813,41,20,61377,1,1,3,28,64,0
1668,686,70,18,125745,0,0,40,44,2109,1
1676,1118,54,18,73340,1,0,14,26,489,0
1695,1177,67,16,99521,0,0,29,18,1405,0
1710,813,40,14,51909,1,0,4,72,69,0
1731,712,28,18,39786,1,0,2,43,36,0
1735,672,57,17,89459,1,1,19,35,769,0
1739,761,41,17,62305,1,1,8,13,216,0
1750,1187,37,14,53085,1,1,3,10,65,0
1751,827,69,15,102855,0,0,22,19,951,0
1754,757,68,18,96777,1,1,18,98,713,0
1756,1219,23,16,10000,0,1,1,461,14,0
1759,1170,66,19,99482,0,0,38,12,1983,0
1761,799,58,18,58260,0,1,3,73,66,0
1762,741,56,17,80739,0,1,13,59,432,0
1763,1118,67,15,97737,0,0,32,75,1600,0
1766,786,26,17,29727,1,0,3,88,46,0
1772,747,33,16,48841,1,0,1,297,20,0
1774,1132,35,18,51845,1,1,6,71,153,0
1775,578,24,16,38737,1,0,1,473,9,0
1786,1040,21,15,34241,1,0,3,51,37,0
1787,728,77,18,119268,0,0,26,20,1205,0
1791,652,76,14,127824,0,0,38,71,1980,0
1797,776,33,14,33396,1,0,3,63,66,0
1804,769,66,15,92745,0,0,28,41,1348,1
1818,569,20,14,23749,1,0,3,20,36,0
1826,1149,65,16,98781,0,0,28,43,1347,0
1830,873,55,18,75372,0,1,15,94,546,0
1831,1060,59,18,70333,0,1,19,72,771,0
1855,767,69,14,108933,0,0,34,25,1732,0
1861,845,63,15,82886,1,1,15,24,535,0
1865,968,64,15,82595,0,1,27,91,1271,0
1866,681,76,19,128820,0,0,36,39,1859,0
1867,877,34,20,49637,1,0,3,20,49,0
1869,868,32,16,51490,1,0,4,74,89,0
1870,968,22,16,29255,1,1,2,59,22,0
1877,1010,70,19,99463,0,0,25,69,1143,0
1883,556,46,16,54362,0,1,5,33,70,0
1892,569,52,19,65791,0,1,3,44,66,0
1893,1209,32,20,54084,1,1,3,16,64,0
1903,906,31,18,37429,1,0,2,10,42,0
1910,637,54,17,84001,0,1,15,4,549,0
1912,730,50,18,68549,0,1,7,42,182,0
1919,918,73,15,104990,0,0,36,99,1858,0
1922,1038,76,16,99775,0,0,32,12,1606,1
1926,1231,33,15,45732,1,0,8,1,223,0
1929,1048,22,16,25238,0,0,3,15,63,0
1930,1039,37,19,51618,0,1,3,29,66,0
1935,1005,70,17,98075,0,0,30,4,1464,0
1940,1171,39,17,41558,1,1,1,534,19,0
1943,983,23,17,34027,0,0,5,27,83,0
1952,1213,20,14,24366,0,0,4,4,92,0
1957,1202,31,16,50584,1,1,5,4,119,0
1961,1010,19,13,30482,1,0,3,58,66,0
1978,1192,65,19,103518,0,0,31,22,1530,1
1983,1179,62,18,85513,0,1,26,72,1215,0
1994,955,76,16,106845,1,0,32,40,1603,1
2002,911,51,20,77811,0,1,20,93,833,0
2017,1050,55,16,92519,0,1,23,83,1019,0
2020,1156,31,18,45231,1,0,10,73,296,0
2022,1245,19,13,22423,1,0,2,92,34,0
2023,728,55,18,92073,0,1,26,23,1216,0
2043,767,29,16,48841,1,1,2,9,27,0
2059,1021,69,19,101338,0,0,34,24,1729,0
2074,914,47,17,65757,0,0,16,36,593,0
2087,663,38,17,61792,1,1,2,38,22,0
2088,801,71,16,108135,0,0,29,25,1412,0
2091,738,76,17,119999,0,0,45,91,2411,1
2098,1022,70,15,88178,0,0,34,42,1729,1
2100,595,66,16,107863,0,0,35,3,1786,0
2101,891,68,19,82344,0,0,23,57,1012,0
2104,867,48,18,63613,0,1,7,89,180,0
2105,614,56,19,89176,0,1,7,85,180,0
2117,892,45,16,65719,0,1,8,81,220,0
2119,872,43,19,68917,1,1,7,17,182,0
2120,967,60,15,88256,0,1,22,6,951,0
2132,744,35,14,38977,1,0,4,79,58,0
2134,654,67,19,95588,0,0,24,0,1084,0
2142,611,47,16,76450,0,1,8,96,220,0
2143,892,41,19,66381,0,1,8,23,219,0
2147,903,50,19,72607,0,1,12,23,392,0
2155,999,62,16,96672,0,1,28,43,1343,0
2158,560,20,14,24021,0,1,3,35,30,0
2161,672,61,20,97960,0,1,13,16,443,0
2165,1199,62,14,111009,0,0,35,56,1789,0
2168,1082,61,15,93234,0,0,23,4,1018,0
2178,871,21,15,12226,1,0,4,62,30,0
2188,966,74,19,97040,0,0,33,14,1666,1
2190,853,37,14,43677,1,1,3,43,43,0
2194,864,75,16,106742,0,0,35,87,1791,1
2200,774,27,18,57940,0,1,6,47,149,0
2203,777,43,20,71878,0,1,10,28,305,0
2205,568,68,19,92414,0,0,14,38,496,0
2219,1238,75,14,113779,0,0,38,48,1985,0
2222,1216,72,17,102694,0,0,34,73,1729,0
2224,788,53,18,81563,0,1,23,60,1027,0
2226,851,40,15,59652,1,1,5,33,87,0
2234,613,70,19,115621,0,0,34,37,1730,0
2238,775,75,16,116432,0,0,37,81,1914,0
2240,1231,27,18,28366,1,0,1,477,20,0
2242,971,73,16,94601,0,0,24,66,1088,0
2244,780,56,16,98333,0,1,14,51,481,0
2248,662,71,15,107518,0,0,34,83,1725,0
2251,774,57,16,79095,0,1,19,74,772,0
2258,1097,29,18,21207,0,0,1,212,20,0
2265,1189,36,19,44754,1,1,5,46,60,0
2266,1140,21,15,20033,1,0,5,55,44,0
2272,1207,53,18,43260,0,1,10,6,300,0
2277,562,41,19,81065,1,1,9,41,259,0
2280,1196,57,14,95149,0,1,30,67,1469,0
2281,984,58,18,96397,0,1,33,43,1669,0
2285,826,52,15,75624,0,1,23,67,1014,0
2287,1229,26,16,30617,1,0,1,55,19,0
2292,860,71,16,95155,0,0,24,24,1082,0
2302,609,71,15,111952,0,0,29,84,1401,0
2307,553,22,15,40107,0,0,3,61,64,0
2311,693,47,19,56307,0,1,2,54,41,0
2312,1174,39,19,38630,0,0,9,59,258,0
2316,908,59,17,87548,1,1,15,92,535,0
2319,738,65,19,92112,1,1,15,72,540,0
2326,551,63,20,93894,0,1,18,98,716,0
2329,635,25,16,49275,1,0,2,24,29,0
2332,863,28,16,32294,0,0,3,94,34,0
2334,908,33,16,49296,1,0,4,41,71,0
2335,722,27,17,52713,1,0,3,51,64,0
2348,643,26,17,23906,1,0,4,51,41,0
2355,1137,36,19,48085,1,0,9,97,254,0
2356,997,38,17,52506,1,1,1,243,19,0
2358,808,47,20,67095,0,1,14,38,493,0
2359,955,51,15,77053,0,1,10,47,303,0
2362,742,25,16,35148,1,0,2,33,30,0
2365,1195,71,19,94274,1,0,31,47,1528,0
2366,789,26,17,25849,1,0,4,68,37,0
2369,597,59,17,89689,0,1,8,0,221,0
2387,581,35,18,58377,1,0,14,22,481,0
2389,847,31,19,45999,0,1,1,202,20,0
2397,802,39,14,63761,1,1,2,54,38,0
2403,885,20,14,22357,0,0,2,22,30,0
2409,900,50,16,71021,0,1,20,24,827,0
2410,1046,40,15,49798,0,0,1,438,19,0
2417,807,75,17,92843,0,0,29,71,1413,0
2421,1235,74,19,114849,0,0,39,41,2043,0
2424,742,24,14,41395,1,0,2,30,29,0
2425,631,24,15,22675,0,0,3,32,49,0
2433,817,55,15,87672,0,1,15,44,543,0
2457,895,49,19,63359,1,0,10,77,296,0
2459,1164,67,16,94512,0,0,31,70,1532,0
2464,1036,45,17,85023,0,1,24,26,1074,0
2465,1158,19,13,27233,1,0,3,5,41,0
2479,987,22,16,23151,0,0,5,94,72,0
2505,921,30,16,35071,1,0,1,405,14,0
2508,862,76,14,120913,0,0,43,78,2287,1
2510,1240,48,16,77635,1,1,23,63,1011,0
2512,603,54,17,78721,1,1,4,25,93,0
2517,679,60,15,83267,0,1,14,3,481,0
2518,841,36,20,54663,0,0,13,12,438,0
2522,791,28,18,25094,1,0,4,81,42,0
2526,732,34,15,41804,1,1,2,24,25,0
2527,1234,51,15,77635,0,1,28,44,1349,0
2537,787,65,19,98255,0,0,24,9,1092,0
2556,735,77,18,97483,0,0,22,86,963,0
2573,1171,18,12,48521,1,0,8,29,218,0
2575,1063,74,20,129470,0,0,46,90,2467,0
2580,1219,38,14,61068,1,1,9,12,258,0
2581,947,54,16,90994,0,1,25,72,1144,0
2584,1218,54,15,82160,0,1,20,34,831,0
2591,861,43,15,59190,1,1,3,86,52,0
2612,553,58,17,82536,0,1,16,84,598,0
2620,1005,21,15,34941,0,0,3,16,65,0
2626,581,60,19,101881,1,0,25,69,1140,0
2627,872,34,19,49449,1,0,12,50,396,0
2631,981,35,18,39990,1,1,2,36,34,0
2639,581,76,19,114458,0,0,37,62,1916,0
2641,1156,40,15,52515,0,1,9,3,264,0
2645,1027,41,17,68786,1,1,12,20,394,0
2651,810,30,15,36101,1,1,2,31,27,0
2655,1142,43,18,49013,1,1,2,85,38,0
2656,580,24,17,35658,1,0,4,99,40,0
2664,636,33,17,43892,0,1,2,27,35,0
2666,846,49,20,75953,0,1,5,52,122,0
2669,856,54,16,72730,0,1,10,79,295,0
2673,988,29,20,39758,1,0,2,23,25,0
2677,937,72,16,113061,1,0,29,29,1405,0
2678,711,74,19,122365,0,0,35,23,1798,1
2680,703,63,16,82605,0,1,24,73,1088,0
2687,598,57,15,68160,0,1,6,16,148,0
2688,798,49,19,64797,0,0,15,61,549,0
2700,849,53,19,87253,0,1,22,95,954,0
2701,550,57,14,98757,0,1,27,46,1269,1
2714,669,63,20,87751,0,1,18,90,711,0
2718,647,62,16,93956,0,1,12,38,387,0
2721,1050,54,18,97104,0,1,30,17,1470,0
2726,703,29,18,50947,1,0,5,21,121,0
2728,747,56,20,90048,0,1,20,37,825,0
2732,747,76,17,133116,0,0,41,34,2165,0
2737,1186,33,14,50856,1,0,11,27,345,0
2738,769,36,18,65855,1,0,1,265,20,0
2743,698,73,16,101795,0,0,22,69,957,0
2744,1033,74,20,107146,0,0,41,56,2165,1
2747,1172,25,14,42251,1,0,8,46,218,0
2749,886,68,17,113774,0,0,28,3,1342,0
2750,922,25,19,51437,1,1,4,2,72,0
2757,1049,65,16,104525,0,0,33,13,1660,0
2758,1134,60,16,92021,0,1,28,61,1345,0
2764,942,65,17,88705,1,0,22,29,952,0
2767,1018,45,16,54252,0,1,11,69,343,0
2771,1028,61,20,91938,0,1,27,73,1270,0
2778,572,36,20,59727,1,1,4,18,39,0
2785,914,77,17,121510,0,0,49,8,2644,1
2786,792,26,15,45823,1,0,4,13,68,0
2787,785,59,15,85856,0,1,17,20,649,0
2792,701,37,16,47684,1,1,3,77,27,0
2795,756,41,18,56034,1,1,1,124,20,0
2801,1177,48,19,86305,0,1,21,5,891,0
2815,893,43,16,61398,1,1,14,11,489,0
2818,722,46,18,74944,0,1,11,88,348,0
2827,565,74,15,99698,0,0,25,70,1145,0
2833,1017,78,17,134375,0,0,44,27,2349,1
2834,1182,53,16,81647,0,1,18,73,711,0
2835,1238,44,17,58378,1,0,15,67,549,0
2836,821,51,17,70087,0,1,15,30,549,0
2840,772,37,14,50390,1,1,5,20,118,0
2843,667,19,13,31236,1,0,3,41,31,0
2844,1026,56,14,101000,0,1,22,42,953,0
2845,1066,31,17,37821,1,0,4,83,56,0
2857,995,50,17,57580,0,1,16,88,604,0
2873,893,65,18,85762,0,0,26,67,1218,0
2877,1145,22,16,36322,1,0,3,2,65,0
2892,998,19,13,23383,0,0,1,317,19,0
2898,924,24,18,22894,1,0,1,371,11,0
2899,854,59,19,83270,0,1,16,98,601,0
2901,581,45,20,67237,1,1,6,61,152,0
2912,830,36,18,58872,1,1,10,6,301,0
2930,1201,45,17,80495,0,1,23,8,1022,0
2931,729,64,18,89945,0,1,21,94,888,0
2941,1040,69,17,95590,0,0,40,55,2105,1
2942,670,67,20,105078,1,0,22,33,959,0
2946,1244,67,18,99197,0,0,25,7,1153,0
2951,599,53,20,78282,0,1,2,89,41,0
2961,776,51,19,72568,0,1,15,29,546,0
2965,1027,78,16,114761,0,0,35,37,1798,0
2966,915,58,20,92487,0,1,25,36,1153,1
2981,1003,21,15,29317,1,0,4,21,57,0
2982,1109,72,16,105137,0,0,36,93,1851,0
2984,569,34,19,52823,1,0,2,9,42,0
2986,1214,24,14,51204,1,0,17,48,655,0
2988,831,30,16,38504,1,0,2,18,22,0
2989,795,61,16,102725,0,1,27,12,1277,0
2990,915,39,19,50929,1,0,2,86,38,0
2993,1019,62,17,97411,0,1,25,85,1149,0
3001,1171,65,18,73351,0,0,22,96,963,0
3015,1035,73,14,108930,0,0,43,1,2289,1
3021,1133,59,17,76961,0,0,15,9,545,0
3029,922,73,17,104106,0,0,33,68,1666,0
3031,1245,54,14,83962,0,1,12,39,392,0
3032,1052,21,15,38801,1,0,3,97,51,0
3036,739,27,15,32309,1,0,3,45,52,0
3056,1065,57,17,79963,0,1,18,72,717,0
3057,1150,19,13,13634,1,0,5,70,63,0
3063,689,38,17,47323,1,0,1,90,17,0
3065,624,23,17,43028,1,0,2,4,40,0
3066,1109,43,17,41216,0,1,5,1,121,0
3070,986,59,15,85902,0,0,29,77,1414,0
3071,553,74,16,106832,0,0,26,47,1209,0
3074,1112,55,16,84306,0,0,22,2,948,0
3077,782,68,17,96737,0,0,23,59,1028,0
3081,1145,48,16,67519,1,1,15,59,549,0
3084,943,43,17,44997,1,1,8,68,221,0
3088,952,59,17,83613,0,1,16,53,596,0
3110,1001,29,14,46625,1,1,1,432,20,0
3111,920,35,19,54700,1,1,4,82,90,0
3117,960,23,16,51453,1,0,1,465,20,0
3120,997,32,17,50007,1,0,3,46,54,0
3125,768,19,13,37141,1,0,4,18,54,0
3126,957,37,19,55838,1,1,3,15,64,0
3129,864,63,16,77276,0,1,16,24,593,0
3144,958,46,19,89297,0,0,25,98,1138,0
3154,687,19,13,38625,1,0,5,70,69,0
3160,1048,50,20,60944,0,1,4,2,93,0
3164,850,31,16,44028,1,0,3,20,66,0
3172,632,71,17,103959,0,0,34,8,1724,0
3178,977,52,18,79179,1,1,6,85,151,0
3180,827,21,15,36028,1,0,3,6,24,0
3193,639,50,19,79980,0,0,12,59,383,0
3199,687,74,17,125053,0,0,43,16,2285,1
3200,1226,46,19,74210,0,1,13,8,439,0
3201,741,69,14,85330,0,0,32,42,1605,0
3202,648,50,15,68594,0,1,5,43,120,0
3208,1082,32,16,44051,1,0,2,39,42,0
3211,914,34,17,29346,1,0,3,51,26,0
3212,1190,21,15,25441,0,0,3,44,46,0
3214,840,60,17,96343,0,1,28,28,1341,0
3222,652,67,15,85348,0,0,19,31,771,0
3223,567,30,17,44371,0,0,1,329,18,0
3228,705,57,18,71744,0,1,5,13,117,0
3229,1156,43,15,79370,0,1,21,44,896,0
3244,741,78,18,123004,0,0,42,36,2225,1
3248,1165,31,19,46611,1,0,3,21,65,0
3250,869,44,16,59380,1,1,5,27,122,0
3252,1137,60,17,94187,0,1,38,61,1985,1
3253,1035,47,19,73173,1,0,17,57,657,0
3254,575,39,16,52783,0,1,5,14,76,0
3255,706,60,18,92326,0,1,19,8,765,0
3257,897,55,17,70589,0,1,6,73,152,0
3264,563,34,16,59095,1,0,4,30,91,0
3271,689,71,17,114019,0,0,31,97,1538,0
3274,885,40,17,53761,1,1,4,59,75,0
3278,732,77,14,110633,0,0,31,30,1541,0
3284,1051,31,15,45882,1,0,6,62,154,0
3290,852,76,14,116651,0,0,28,97,1345,1
3300,978,65,15,102456,0,0,39,10,2046,1
3308,930,37,18,53058,1,0,3,82,45,0
3310,821,64,18,103463,0,0,33,53,1658,0
3314,652,21,15,40622,1,0,1,408,20,0
3320,823,71,16,115988,1,0,25,73,1147,1
3326,1006,31,20,41433,1,0,2,16,42,0
3330,1008,41,19,63742,1,1,7,23,183,0
3346,850,74,16,102794,0,0,30,74,1469,0
3347,854,50,17,52818,0,1,3,36,52,0
3348,1134,38,19,41078,1,1,2,74,41,0
3349,972,67,17,106051,0,0,27,49,1284,0
3353,1210,23,17,27286,1,0,7,92,181,0
3355,898,37,17,41110,1,1,2,33,23,0
3357,1210,38,20,37522,1,1,2,62,40,0
3358,635,73,17,105602,0,0,26,83,1219,0
3359,1193,30,16,50107,1,0,6,61,154,0
3366,610,75,18,100566,0,0,33,23,1665,0
3368,795,25,18,38274,1,0,4,67,66,0
3382,811,60,16,91974,1,1,14,25,493,0
3391,668,41,16,62720,1,0,9,29,261,0
3400,1019,29,19,54670,0,0,14,11,493,0
3401,1004,59,18,85340,0,1,10,39,298,0
3408,1099,20,14,34213,1,0,8,56,221,0
3410,1245,70,17,105619,0,0,37,97,1915,0
3415,1000,34,18,36133,1,0,2,64,29,0
3418,1072,49,20,72690,0,1,15,21,550,0
3420,641,33,19,49501,1,0,3,9,66,0
3427,1052,43,15,70934,1,1,12,49,389,0
3434,653,77,16,103962,0,0,27,18,1278,0
3442,607,40,14,58739,0,0,5,79,118,0
3443,1020,22,16,42153,1,0,3,82,41,0
3444,797,33,19,45390,1,0,2,97,40,0
3445,973,40,20,67638,1,1,13,62,436,0
3447,1022,51,15,60209,0,1,17,90,656,0
3448,753,45,15,57105,0,1,4,91,61,0
3459,798,48,17,59289,0,1,4,94,92,0
3466,1114,56,17,84914,0,1,17,98,662,0
3467,822,71,19,88856,0,0,23,90,1024,0
3473,801,40,17,57090,1,1,3,54,64,0
3477,1091,26,14,23911,1,1,2,21,40,0
3479,917,31,18,40746,1,0,2,6,25,0
3494,1186,67,15,72110,0,0,34,74,1730,0
3495,1167,53,17,80772,0,0,19,17,777,0
3498,761,25,15,29973,1,0,2,55,33,0
3500,982,38,15,53107,1,1,5,70,120,0
3503,1153,36,19,30072,1,1,4,38,39,0
3504,743,49,16,72819,0,1,9,89,255,0
3515,1231,20,14,34359,1,0,12,98,390,0
3516,784,39,15,65059,0,1,18,98,718,0
3524,744,24,18,46667,1,0,5,38,119,0
3526,602,22,16,36949,1,0,3,89,28,0
3529,787,69,18,100469,0,0,19,78,769,0
3534,577,30,14,59351,1,0,3,34,49,0
3536,764,23,14,14516,1,0,5,13,56,0
3542,830,50,19,62447,0,1,6,78,148,0
3550,1033,21,15,42238,1,1,1,9,20,0
3554,693,24,14,35681,1,0,1,80,19,0
3566,759,28,17,27814,1,0,2,25,18,0
3568,1203,73,17,87590,0,0,18,17,720,0
3569,1240,75,18,112806,1,0,36,61,1855,0
3576,1092,56,15,67894,0,1,13,70,443,0
3587,969,21,14,39175,0,0,6,17,151,0
3588,913,31,18,40697,1,1,1,200,12,0
3589,687,61,16,96084,0,0,23,19,1019,0
3590,1053,43,18,71004,1,1,10,61,305,0
3594,599,22,14,19687,0,0,2,83,24,0
3598,1215,65,19,110231,0,0,42,77,2225,0
3603,550,39,17,48707,1,1,3,21,31,0
3610,1062,51,15,69883,0,1,20,56,822,0
3614,1208,49,15,75317,0,0,19,97,777,0
3621,857,20,14,30120,1,0,2,37,40,0
3624,591,56,17,91529,0,1,18,54,717,0
3625,697,44,15,54727,1,1,1,549,14,0
3628,993,73,18,109918,0,1,33,51,1669,0
3631,720,36,18,78031,1,1,13,16,434,0
3641,1233,52,15,72111,0,1,25,70,1150,0
3643,1199,73,17,107029,0,0,34,62,1728,0
3652,1090,38,19,40975,1,0,7,44,185,0
3656,732,68,18,96500,0,0,20,74,833,0
3658,987,21,15,25789,1,0,5,65,75,0
3667,858,45,19,72148,0,1,11,97,339,0
3679,742,20,14,20808,1,0,4,90,33,0
3680,926,23,17,42767,0,0,5,16,119,0
3685,724,39,17,52825,1,1,1,19,19,0
3691,928,74,16,108988,0,0,37,75,1919,0
3694,811,27,16,34998,1,0,2,48,41,0
3696,719,56,17,87892,0,1,21,65,884,0
3705,921,58,17,87961,1,0,10,40,294,0
3718,823,52,15,82839,0,1,18,88,708,0
3725,577,55,15,81432,0,1,12,56,389,0
3727,787,26,19,40297,1,1,4,84,61,0
3730,1103,72,17,106628,0,0,37,46,1915,0
3734,1040,56,17,79385,0,1,18,42,709,0
3758,1243,75,17,114985,0,0,46,62,2468,1
3764,592,22,16,32578,1,0,3,9,30,0
3768,916,69,19,103320,0,0,29,67,1408,0
3770,842,51,14,83873,0,1,15,68,537,0
3780,744,57,16,92942,0,0,20,86,829,0
3785,591,29,20,47813,1,1,2,37,31,0
3798,1173,59,15,80194,0,0,25,26,1138,0
3801,769,64,18,78463,0,1,14,83,497,0
3807,1000,32,14,34299,0,1,1,514,20,0
3811,755,62,16,94221,0,0,23,29,1022,0
3818,681,46,16,78982,0,1,7,73,182,0
3819,662,74,17,118935,0,0,45,62,2406,0
3823,1035,41,17,52041,0,1,10,72,306,0
3826,603,72,16,108224,0,0,25,84,1139,1
3827,1088,56,19,78182,0,1,22,61,949,0
3829,1114,27,15,56981,1,0,14,69,485,0
3841,729,73,19,96765,0,0,30,44,1472,0
3842,750,33,14,37932,1,0,4,28,55,0
3844,1174,34,15,58679,1,0,16,46,601,0
3854,920,68,19,112150,0,0,43,17,2289,0
3858,610,74,16,106273,0,0,25,78,1148,0
3866,729,77,18,126546,0,0,46,32,2468,1
3868,961,57,16,77863,0,0,15,44,545,0
3869,887,41,16,63939,1,1,4,96,93,0
3873,998,33,19,35776,1,0,1,496,13,0
3875,908,21,15,38389,0,0,3,29,63,0
3878,1171,38,18,49948,1,1,5,19,87,0
3888,724,40,15,54319,1,1,5,4,92,0
3896,1013,48,19,72943,0,1,14,19,495,0
3901,1089,30,20,51003,1,0,6,23,148,0
3910,1040,50,18,82537,1,0,18,77,709,0
3913,1182,36,14,44312,0,1,4,39,92,0
3914,1098,65,19,96942,0,0,27,69,1284,1
3915,694,60,18,102702,0,1,25,23,1156,0
3919,1218,68,19,92659,0,0,24,3,1075,0
3920,679,36,19,35721,1,1,4,14,52,0
3928,1122,20,14,16523,0,0,3,38,43,0
3933,1006,33,14,68333,1,0,17,28,658,0
3948,720,38,16,59585,1,1,2,82,25,0
3955,1000,46,18,57117,0,1,8,40,216,0
3965,608,59,18,89545,0,1,8,27,224,0
3967,671,67,15,95759,0,0,15,36,546,0
3970,1130,66,15,119385,0,0,42,7,2227,0
3972,839,38,20,44376,1,0,4,26,73,0
3975,1013,58,20,83659,0,1,24,89,1081,0
3978,1023,75,19,99395,1,1,16,88,594,0
3983,1238,29,20,48634,1,0,10,0,304,0
3986,598,23,16,31353,1,0,2,3,27,0
3987,845,31,17,45583,1,1,3,95,39,0
3992,999,28,17,25532,1,0,2,8,17,0
3993,957,23,17,40326,1,0,9,29,253,0
3998,770,41,14,48044,1,1,4,45,68,0
4002,1209,73,16,113810,0,0,38,79,1986,0
4007,1175,29,20,42705,1,1,3,71,56,0
4008,772,22,16,28095,0,0,1,537,9,0
4023,1116,66,20,100523,0,0,35,42,1790,0
4024,910,63,18,84950,0,1,25,89,1154,0
4035,803,53,14,70725,0,1,13,36,440,0
4036,947,21,15,16324,0,1,3,91,29,0
4038,929,58,18,83532,0,1,20,2,840,0
4039,1131,18,12,40790,1,1,2,33,33,0
4040,1070,32,15,42352,1,0,2,50,24,0
4062,584,65,14,99277,0,0,21,29,889,0
4065,985,51,15,66666,1,1,7,54,181,0
4069,695,30,19,48416,1,1,2,2,40,0
4070,596,66,15,84714,0,0,18,45,720,0
4072,885,33,17,60376,1,0,13,83,431,0
4077,1228,32,15,53229,1,1,8,5,220,0
4079,942,77,15,125958,1,1,30,5,1474,0
4080,651,37,14,40165,1,1,1,210,11,0
4098,1016,53,18,83197,0,1,17,76,657,0
4099,1189,37,16,54378,1,1,7,58,184,0
4105,1232,60,16,87192,0,1,27,76,1271,0
4110,953,36,14,54883,1,1,5,78,90,0
4116,829,49,16,80406,0,1,17,54,661,0
4118,600,20,14,26327,1,0,5,3,60,0
4122,682,30,17,41207,1,0,3,21,41,0
4123,802,74,15,95666,0,1,22,55,957,0
4125,1199,22,16,36050,0,0,4,64,91,0
4130,812,45,20,63458,1,1,7,46,186,0
4137,729,33,18,44301,1,1,1,527,14,0
4140,1066,36,14,40094,1,1,3,2,65,0
4144,1058,71,19,101116,0,0,27,37,1274,0
4145,1033,73,16,110670,0,0,39,18,2039,0
4151,1209,60,19,81957,0,1,18,34,714,0
4152,556,25,18,29024,1,0,5,53,46,0
4155,583,35,15,50861,1,0,10,84,295,0
4160,592,68,17,110710,1,0,33,82,1659,1
4165,1230,42,18,64677,1,1,18,39,719,0
4166,1213,67,16,96578,1,0,26,6,1215,0
4186,679,54,19,66655,1,1,1,494,19,0
4188,1016,19,13,30600,1,0,5,84,76,0
4194,1013,30,14,41859,1,1,4,80,59,0
4195,983,75,17,123252,0,0,43,20,2292,1
4201,670,64,19,87519,0,1,12,74,394,0
4215,1036,32,15,54164,1,0,10,77,300,0
4227,775,19,13,13536,1,0,4,54,32,0
4228,821,54,17,77155,1,0,16,48,594,0
4231,619,68,18,117859,0,0,30,35,1477,0
4234,1124,34,15,58502,1,0,10,66,306,0
4240,568,23,17,28900,1,0,5,55,39,0
4245,861,21,15,25476,1,0,2,49,29,0
4250,1219,75,15,105606,0,0,43,73,2292,1
4260,565,64,20,82316,0,1,6,74,153,0
4262,984,28,18,27705,1,0,5,89,76,0
4264,1085,22,16,35524,0,0,6,44,151,0
4273,627,43,16,90302,1,1,12,1,390,0
4282,985,52,19,90216,0,0,29,15,1411,0
4284,772,24,15,37601,1,0,7,13,182,0
4287,684,48,17,75676,0,1,6,9,152,0
4288,614,50,19,62936,0,1,11,3,350,0
4291,759,29,19,48108,0,1,5,10,122,0
4292,1152,25,19,34223,1,0,2,3,28,0
4295,1076,56,18,76873,0,1,17,79,647,0
4297,650,34,16,35017,1,0,1,258,14,0
4306,635,49,19,70092,0,1,4,54,90,0
4313,873,23,15,44870,1,0,2,24,40,0
4315,892,61,16,102588,0,1,27,46,1270,0
4321,756,42,19,73841,1,0,11,25,343,0
4322,580,21,15,31124,0,0,1,31,14,0
4328,930,56,16,74856,0,0,27,2,1273,0
4329,1204,49,18,62062,1,1,4,7,92,0
4332,754,59,18,82685,0,1,6,24,150,0
4342,1173,32,18,53467,1,0,11,73,349,0
4350,562,34,16,69439,1,1,4,27,92,0
4353,665,70,17,120601,0,0,36,55,1854,1
4355,645,53,17,77570,0,1,19,20,762,0
4363,1169,54,15,79745,0,1,20,36,831,0
4364,773,44,16,60982,0,0,11,43,349,0
4369,615,22,16,30051,1,0,2,63,18,0
4370,1194,48,17,62462,0,1,16,73,601,0
4372,686,20,14,41550,1,0,2,54,26,0
4384,975,21,15,26243,0,0,2,18,36,0
4401,774,52,17,83217,0,0,13,11,434,0
4402,1208,72,16,124309,0,0,41,59,2164,0
4405,790,55,19,92600,0,1,17,45,657,0
4413,1128,49,19,65816,0,1,14,63,493,0
4417,1206,41,16,49533,1,0,11,80,342,0
4419,756,70,14,98393,0,0,24,17,1084,0
4425,1155,22,16,32929,1,0,3,91,55,0
4427,915,29,20,60004,1,0,6,1,153,0
4431,684,25,18,22858,1,1,5,96,44,0
4434,935,18,12,27304,1,0,3,85,40,0
4442,972,19,13,20074,1,1,5,76,45,0
4444,1213,64,14,70017,0,0,21,84,896,0
4447,1033,53,15,77289,0,1,12,39,383,0
4450,784,52,18,89497,0,1,21,92,884,0
4451,753,37,15,50283,1,1,1,213,16,0
4459,1199,21,15,21863,0,0,3,3,64,0
4464,1070,57,18,94027,0,1,21,72,885,0
4478,680,74,16,114211,0,0,39,96,2042,1
4501,1159,38,16,64237,1,1,8,69,215,0
4502,1061,65,15,113071,0,0,44,80,2351,1
4503,681,69,17,95968,0,0,23,48,1019,0
4507,802,73,15,115814,0,0,29,85,1406,0
4510,624,46,17,72773,0,1,11,61,341,0
4513,667,65,16,89363,0,0,21,93,889,0
4517,1077,22,15,19567,1,0,3,6,30,0
4527,954,49,19,75124,0,1,17,78,657,0
4528,1164,55,19,73994,0,1,20,4,834,1
4531,1159,23,17,31942,1,0,3,47,49,0
4533,1045,57,16,93961,0,0,30,46,1469,0
4535,564,19,13,37665,0,0,3,80,34,0
4539,1171,31,20,43032,1,0,5,71,81,0
4540,655,71,15,110313,0,0,27,82,1285,0
4542,554,71,20,104123,0,0,30,6,1470,0
4552,902,46,14,62371,1,1,1,355,18,0
4556,1133,55,19,79092,0,0,30,71,1473,1
4557,901,48,19,74689,0,1,13,61,440,0
4559,1172,23,17,67367,0,0,20,25,836,0
4564,689,42,16,71687,1,1,3,89,65,0
4577,878,46,16,87121,0,1,26,44,1203,0
4578,1006,63,19,88619,0,1,30,1,1464,1
4580,653,60,18,97859,0,0,12,94,384,0
4583,1232,28,14,38746,1,0,4,22,93,0
4589,1113,76,14,99268,0,0,32,74,1601,0
4591,1158,43,19,52608,1,1,5,38,87,0
4594,834,31,14,46254,1,0,6,70,150,0
4595,743,35,20,78582,1,0,9,95,255,0
4597,1099,49,18,79454,0,1,23,47,1021,0
4602,940,60,15,108395,0,0,30,76,1464,0
4605,912,34,16,53878,1,0,7,2,185,0
4619,724,58,19,70626,0,1,9,51,260,0
4636,658,34,15,56191,1,1,4,25,69,0
4639,816,57,16,83918,0,1,20,3,835,0
4641,943,54,20,62217,1,1,7,67,188,0
4650,1108,40,18,68829,1,1,10,43,298,0
4657,1210,47,15,62636,1,1,9,87,259,0
4662,768,74,16,119557,0,0,44,11,2346,0
4665,847,32,17,61482,1,1,8,48,217,0
4672,1245,32,15,51110,1,1,4,88,93,0
4678,934,57,17,74505,0,1,18,21,709,0
4680,930,61,18,81332,1,1,16,78,602,0
4681,1199,77,16,93178,0,0,30,17,1466,0
4683,1087,43,18,67864,1,1,18,88,714,0
4689,636,42,17,49810,0,0,7,100,180,0
4690,1168,21,15,61347,1,0,10,63,302,0
4697,759,71,17,109946,0,0,32,78,1594,0
4702,1193,37,19,36870,1,1,4,27,93,0
4713,1005,64,16,94731,0,1,17,27,657,0
4722,810,39,19,52526,1,1,2,39,22,0
4725,1211,21,15,24370,0,0,1,510,13,0
4726,713,27,15,39303,1,0,2,59,21,0
4735,1194,65,17,106400,0,0,39,65,2040,1
4736,766,40,16,60850,1,0,1,505,19,0
4739,735,46,18,55113,1,0,7,24,181,0
4745,1205,74,19,115781,0,0,40,7,2107,1
4747,1072,52,14,89745,1,1,22,76,954,0
4748,816,20,14,32779,1,0,1,454,10,0
4752,913,44,16,58033,1,1,7,4,182,0
4760,805,26,17,31029,0,0,2,29,36,0
4762,1209,44,15,71096,1,1,17,60,650,0
4767,619,40,15,44607,1,1,2,58,29,0
4771,737,72,16,130525,0,0,40,74,2109,0
4773,950,66,17,76930,0,0,16,8,593,0
4776,588,48,19,71375,0,1,8,10,217,0
4778,749,59,19,91920,0,1,18,65,716,0
4780,611,34,15,56259,1,0,2,81,38,0
4785,955,43,16,65401,0,1,15,56,543,0
4786,775,66,14,104738,0,0,27,17,1279,1
4791,1046,78,14,106359,0,0,35,24,1793,0
4800,651,41,18,70938,1,1,2,40,41,0
4809,1133,23,15,34838,1,0,3,60,64,0
4816,626,70,17,105124,0,0,31,52,1542,1
4817,673,63,19,82100,1,1,19,48,763,0
4828,804,60,15,85983,0,1,13,17,446,0
4829,1217,33,19,51980,1,0,8,38,215,0
4834,1217,22,15,35757,1,0,2,49,28,0
4840,914,66,19,106537,1,0,31,17,1536,0
4846,758,33,15,63799,1,0,5,72,120,0
4849,970,28,19,47399,1,0,3,10,52,0
4853,708,67,16,109052,0,1,26,32,1215,0
4854,715,30,16,57073,1,0,3,85,64,0
4859,842,53,18,85466,0,1,15,93,542,0
4860,1137,73,15,106865,0,0,33,78,1667,0
4872,1205,69,19,115809,0,0,39,96,2045,0
4885,893,30,16,49821,1,0,13,22,432,0
4889,1236,34,19,49942,0,1,13,87,444,0
4896,1100,45,18,51806,1,1,1,498,18,0
4901,816,54,17,90219,0,1,17,39,649,0
4905,753,44,20,59211,1,1,4,11,66,0
4911,632,70,14,109062,1,1,17,36,659,0
4920,784,75,16,100152,0,0,26,40,1217,0
4924,1076,64,17,79437,0,1,18,48,719,0
4927,924,48,18,65138,0,1,6,20,149,0
4928,611,63,18,89207,0,0,14,44,486,0
4931,978,72,19,121191,0,0,38,46,1978,1
4939,687,67,16,106176,0,0,27,19,1270,0
4946,598,36,14,42861,1,0,4,16,65,0
4947,1188,43,14,68006,1,1,19,57,762,0
4952,997,46,20,72345,0,1,15,93,542,0
4956,1171,46,19,63022,0,1,11,4,342,0
4970,1098,18,12,35990,1,0,9,84,262,0
4972,1007,67,18,95772,0,0,33,25,1667,0
4975,1142,30,19,28647,1,0,2,53,41,0
4978,989,52,14,104470,0,1,31,51,1536,0
4980,861,55,16,80491,0,1,20,13,822,0
4982,854,72,15,98235,0,0,29,65,1412,1
4991,587,39,20,51804,1,1,3,90,46,0
5001,1046,62,17,93391,0,1,30,46,1471,0
5002,872,39,18,50346,1,0,3,54,55,0
5011,1106,22,16,43793,0,0,14,9,495,0
5013,1183,60,17,100439,1,1,23,94,1028,0
5020,732,78,16,108327,0,0,34,87,1734,1
5023,650,55,15,83207,0,1,11,27,338,0
5027,1047,47,18,77917,0,1,13,75,442,0
5033,846,20,14,30424,1,1,1,529,12,0
5034,769,45,20,46643,0,1,3,41,65,0
5051,805,30,18,34975,1,1,4,100,43,0
5067,592,70,14,86668,0,0,21,27,896,0
5072,873,35,14,33568,1,1,1,379,10,0
5073,1163,65,17,99743,0,0,30,58,1466,1
5079,740,28,15,34246,1,1,1,546,8,0
5080,710,56,20,81061,0,1,8,19,218,0
5090,959,51,17,81348,0,1,17,55,661,0
5095,1107,62,18,99741,0,1,22,1,958,0
5097,864,25,18,35836,0,0,8,74,225,0
5101,731,58,18,92784,0,1,19,58,767,0
5109,707,62,20,107224,0,1,24,49,1092,0
5110,964,37,20,58831,0,1,11,62,347,0
5137,724,36,18,66392,1,1,5,9,118,0
5142,773,36,19,39480,1,0,3,56,44,0
5143,1011,20,14,27366,1,0,4,89,50,0
5144,1214,70,17,114659,0,0,32,4,1599,0
5160,679,21,15,32811,1,0,4,85,48,0
5165,1187,63,20,93015,0,1,30,31,1476,0
5166,793,40,16,45216,1,1,3,70,49,0
5172,1139,20,14,24036,1,0,4,41,89,0
5191,767,31,20,58233,1,0,3,73,66,0
5202,630,35,15,45484,1,1,5,57,41,0
5203,653,43,16,74414,1,1,2,84,41,0
5212,949,42,19,68548,1,1,1,181,19,0
5214,981,75,18,110666,0,0,25,8,1152,0
5223,817,28,14,32818,1,0,3,10,30,0
5229,953,41,16,48422,0,1,5,53,120,0
5230,936,33,17,51161,1,1,4,89,68,0
5235,867,60,17,88683,0,1,14,3,487,0
5239,725,50,15,65169,0,1,5,27,121,0
5241,696,76,16,111619,0,0,21,2,886,0
5243,808,38,18,70316,0,1,16,50,599,0
5251,787,51,19,82190,1,1,16,90,594,1
5254,695,75,17,92102,1,0,25,49,1143,0
5265,867,50,17,72182,0,1,7,46,184,0
5266,755,61,17,81940,0,1,12,9,387,0
5279,959,46,19,60090,0,1,1,225,19,0
5289,1089,63,16,90882,0,1,26,53,1213,1
5291,1026,19,13,34205,0,0,3,83,64,0
5295,550,62,18,89219,1,0,10,66,301,0
5299,1236,63,15,82451,0,0,34,20,1725,0
5307,556,49,19,68245,0,1,3,97,53,0
5313,590,21,14,30101,0,1,5,59,51,0
5319,950,52,18,72576,0,1,17,50,652,0
5330,801,29,18,54620,1,1,2,2,42,0
5338,554,38,16,66910,1,1,8,47,216,0
5340,1158,42,15,56515,1,0,14,42,490,0
5341,751,59,16,91092,0,1,20,57,831,0
5348,876,27,16,31466,1,0,3,68,40,0
5361,848,52,15,67549,1,1,5,35,95,0
5363,890,65,16,103960,0,0,29,76,1412,0
5364,861,35,20,42681,1,0,5,89,117,0
5366,749,64,20,105252,0,0,27,57,1282,0
5368,842,74,18,123455,0,0,38,63,1978,1
5381,587,36,16,60040,1,1,2,66,34,0
5382,865,55,15,61698,0,1,4,74,92,0
5387,1171,39,19,61503,1,1,10,78,296,0
5395,885,49,14,65152,0,0,13,28,439,0
5401,1243,20,14,19688,1,0,4,1,64,0
5403,948,47,19,64463,0,1,11,45,347,0
5404,794,19,13,20337,1,0,2,13,17,0
5412,765,72,15,103249,0,0,30,70,1475,0
5421,1084,67,17,85679,0,0,31,1,1540,0
5429,580,65,18,83117,0,0,10,51,303,0
5432,709,52,18,61943,0,1,4,14,92,0
5437,1126,30,17,34951,1,0,2,76,37,0
5438,595,56,20,81243,0,1,11,23,345,0
5446,811,38,15,51899,1,1,4,80,43,0
5453,1228,32,15,57998,1,1,8,69,221,0
5455,916,68,17,100633,0,0,31,41,1540,0
5462,868,51,18,63506,0,1,7,46,182,0
5464,711,40,17,62979,1,1,3,16,64,0
5468,784,22,16,36715,0,0,4,83,65,0
5470,1093,41,18,60377,1,1,3,4,64,0
5471,784,75,20,115971,0,0,33,67,1670,0
5473,661,63,15,107120,0,1,29,39,1405,0
5476,840,24,14,24249,0,0,2,11,20,0
5478,664,32,15,62829,1,1,2,71,35,0
5480,989,52,16,76057,0,1,11,57,348,0
5481,1191,77,18,120301,0,0,41,26,2166,1
5484,941,44,15,74668,1,0,18,61,715,0
5487,945,35,15,70711,1,1,12,30,392,0
5488,1189,27,17,36041,1,0,2,96,37,0
5490,793,74,17,100410,1,0,31,4,1543,0
5491,647,30,19,47036,1,0,3,8,39,0
5498,1029,28,14,47183,1,0,2,20,25,0
5499,1059,30,19,42761,1,0,5,48,117,0
5503,934,54,19,69632,0,1,11,18,342,0
5510,733,40,19,78554,1,1,9,46,262,0
5517,806,53,18,58393,0,1,12,11,383,0
5537,648,28,18,56525,1,0,2,69,30,0
5542,1014,46,17,63657,0,1,9,56,258,0
5551,800,77,19,97077,0,1,18,26,702,0
5552,1228,27,19,38493,1,0,14,73,483,0
5554,744,62,19,96010,1,1,13,38,442,0
5555,887,44,20,72096,1,1,2,71,41,0
5559,976,74,16,119462,0,0,36,60,1851,1
5566,843,44,16,58740,1,1,3,95,56,0
5574,683,44,19,72175,0,1,2,81,41,0
5576,1042,53,19,86385,0,1,17,75,653,0
5587,600,41,19,51633,1,1,3,52,41,0
5594,1156,18,12,23775,0,0,5,54,72,0
5595,1143,34,17,46441,1,0,10,6,305,0
5598,878,20,14,23008,0,0,4,4,55,0
5607,778,53,16,67562,0,0,13,34,445,0
5608,797,78,18,125693,0,0,27,42,1271,0
5609,830,72,15,115822,0,0,30,43,1467,0
5614,984,74,19,104855,0,1,35,83,1791,0
5615,1060,45,17,56036,0,1,7,50,185,0
5620,1030,37,18,61999,0,1,4,85,92,0
5625,1160,31,16,39265,1,0,4,24,68,0
5627,1157,48,18,85304,1,1,21,73,891,0
5635,598,48,19,70656,0,1,10,50,306,1
5638,625,40,17,41433,0,0,4,77,91,0
5641,942,22,16,22070,1,0,5,23,50,0
5642,584,19,13,29660,1,0,1,435,14,0
5643,722,70,14,104548,0,0,28,47,1348,0
5650,808,23,17,34761,0,0,1,426,20,0
5657,1151,78,16,104106,0,0,39,90,2044,0
5663,561,47,17,68731,0,1,8,43,223,0
5670,1174,62,15,84589,0,1,22,9,951,0
5673,724,72,16,106179,0,0,31,67,1540,0
5675,615,26,16,41259,1,0,4,65,40,0
5677,1103,19,13,23704,1,0,5,58,79,0
5678,561,49,18,77271,1,1,14,52,486,0
5685,658,65,16,98133,0,0,29,21,1411,0
5687,833,28,20,38620,1,0,3,96,64,0
5690,985,61,18,87274,0,1,21,45,894,0
5693,914,54,16,63254,0,1,12,98,394,0
5696,1153,35,16,51997,1,1,3,92,50,0
5699,680,63,20,103193,0,1,18,57,719,0
5702,995,67,19,94787,0,0,35,71,1790,0
5707,584,57,16,86296,1,0,19,47,778,0
5708,604,26,19,49867,1,0,3,14,48,0
5710,1246,23,14,43509,0,0,14,32,490,0
5718,672,76,18,121041,0,0,40,54,2103,1
5731,904,28,14,50451,1,0,6,20,149,0
5732,614,29,20,21198,1,0,2,84,20,0
5740,597,72,17,109116,0,0,28,15,1339,0
5741,943,40,17,68799,1,1,12,67,388,0
5747,612,49,15,65499,0,1,2,93,40,0
5748,1246,68,14,101186,0,0,45,21,2410,1
5756,1134,32,19,48816,1,0,5,56,118,0
5763,1239,36,20,46467,0,0,19,9,776,0
5767,953,77,19,120915,0,0,34,98,1724,0
5768,572,46,19,69542,0,1,8,48,225,0
5769,1224,69,18,100747,0,1,30,2,1466,0
5779,881,72,17,109318,0,0,22,24,958,0
5780,741,61,16,84534,0,1,14,2,489,0
5783,973,55,18,76384,0,1,9,9,262,0
5785,852,70,16,104961,0,0,32,65,1602,0
5788,1080,45,18,68989,0,1,9,20,255,0
5791,1063,31,17,30751,1,0,3,100,36,0
5792,586,36,16,63236,1,1,2,43,40,0
5796,566,40,17,51426,0,1,2,73,41,0
5800,1004,40,19,62945,1,1,1,0,19,0
5809,788,74,15,120794,0,0,33,77,1667,0
5811,1096,30,16,40371,1,0,2,13,37,0
5812,809,42,14,64100,1,1,10,44,296,0
5816,873,71,19,113252,1,0,32,22,1604,0
5818,1038,44,18,82536,1,1,17,95,646,0
5821,931,53,17,65554,0,1,9,17,258,0
5825,848,61,18,86006,0,1,17,94,654,0
5826,555,71,14,119101,0,0,37,83,1923,1
5829,740,23,17,42108,1,0,1,37,20,0
5831,1018,29,18,47149,1,0,3,98,65,0
5847,1085,21,15,23381,1,0,1,260,19,0
5850,912,67,19,109429,0,0,36,67,1854,0
5865,827,54,16,68612,0,1,9,13,257,0
5866,1125,52,19,70151,0,1,22,63,951,0
5868,1222,54,17,85079,1,1,17,54,644,0
5872,618,40,19,59573,1,0,12,83,386,0
5873,911,35,15,41873,1,0,2,30,26,0
5876,1169,52,14,78443,1,1,21,73,902,0
5879,734,28,15,31968,1,0,5,68,44,0
5880,724,23,15,47910,0,0,3,42,65,0
5884,583,22,16,25844,0,0,4,26,42,0
5889,894,30,16,23999,1,0,2,67,22,0
5891,1035,58,18,109154,0,1,33,40,1665,0
5894,1158,46,14,64108,0,1,22,76,947,0
5897,680,69,19,117422,0,0,38,14,1979,0
5909,642,19,13,24524,1,0,4,2,44,0
5910,759,64,17,77695,0,1,9,27,259,0
5916,969,29,16,51129,1,0,1,77,19,0
5926,604,34,18,36816,1,0,3,50,43,0
5927,1171,23,17,35164,1,0,8,56,220,0
5935,689,62,17,80197,0,1,5,59,122,0
5940,948,73,17,108796,0,0,44,76,2345,1
5941,1219,61,16,109956,0,1,31,57,1542,0
5945,1119,36,20,56819,0,1,2,99,42,0
5956,803,35,18,57627,1,1,1,151,19,0
5957,1217,19,13,18298,1,0,2,43,32,0
5960,562,61,18,82751,0,0,16,75,590,0
5963,640,72,20,101153,0,0,26,73,1208,0
5965,673,27,20,28397,1,0,3,97,36,0
5970,605,33,18,45687,1,0,2,82,22,0
5973,718,36,17,46578,0,0,6,64,154,0
5974,1058,55,15,65601,0,1,17,97,648,0
5976,626,52,15,54744,0,1,4,75,90,0
5977,589,21,15,57053,1,0,2,92,41,0
5982,1084,48,17,70913,1,1,20,53,826,0
5983,855,72,16,115456,0,0,32,52,1605,0
5985,558,26,14,28817,1,0,3,69,29,0
5986,775,49,16,67640,0,1,9,89,263,0
5988,778,72,15,98522,0,0,30,40,1466,0
5989,1098,22,16,24920,0,0,2,77,37,0
6001,990,54,19,79404,0,1,14,40,495,0
6002,892,33,16,42318,1,0,8,39,219,0
6007,615,70,19,80033,0,0,14,69,491,0
6025,1117,21,14,38088,1,0,3,43,45,0
6041,1173,46,20,65734,1,1,2,61,42,0
6048,1032,48,20,57490,0,1,9,43,262,0
6050,859,34,15,43075,1,0,3,7,41,0
6054,809,45,19,61902,1,1,4,36,92,0
6062,1038,59,18,96281,1,0,28,87,1341,0
6065,1156,66,14,107879,0,0,32,71,1605,0
6068,991,66,19,102394,0,0,28,73,1339,0
6074,1165,57,18,81584,0,1,23,21,1018,0
6075,1136,35,15,41562,1,1,1,179,20,0
6076,656,62,17,92086,0,1,21,45,902,0
6077,973,48,16,78814,0,0,18,90,709,0
6080,628,61,18,96713,0,0,35,30,1786,0
6081,981,42,18,41722,1,0,1,151,19,0
6087,922,19,13,16530,1,0,4,76,28,0
6093,1170,36,17,44628,1,1,4,23,73,0
6095,1109,52,16,82506,0,1,18,99,709,0
6096,942,25,14,27283,1,0,4,51,92,0
6112,987,61,14,81375,0,0,27,25,1272,0
6113,664,54,17,87662,0,1,13,96,444,0
6122,1009,42,14,75116,1,1,15,25,537,1
6126,884,29,17,46304,1,0,2,2,33,0
6132,1027,36,18,40836,1,1,3,73,40,0
6137,1116,56,16,61440,1,1,6,28,154,0
6153,1236,41,17,68835,0,0,13,84,438,0
6164,1131,53,17,85418,0,1,18,77,717,0
6167,615,37,17,71113,1,1,3,22,63,0
6173,1230,49,18,64935,0,1,15,95,547,0
6174,556,48,18,86189,0,1,15,38,546,0
6179,576,49,15,77666,0,1,10,78,298,1
6180,1099,77,17,112668,0,0,42,73,2225,1
6185,1148,22,16,24302,1,0,1,421,19,0
6186,763,52,16,94976,0,1,21,91,895,0
6190,838,36,17,47182,0,0,6,56,151,0
6192,949,48,18,82744,0,1,12,52,392,0
6200,790,38,17,87964,0,1,13,39,444,0
6201,1204,24,18,36487,1,0,5,31,78,0
6214,860,57,17,71106,0,1,14,99,489,0
6225,781,20,14,14231,1,0,2,82,22,0
6226,602,34,18,48460,1,1,3,9,41,0
6233,773,23,17,31174,0,0,2,58,36,0
6247,825,62,16,92128,0,1,15,4,549,0
6260,1143,42,20,62058,1,0,15,35,550,0
6262,1147,49,15,81557,0,1,18,52,710,0
6279,822,67,15,91031,1,1,9,83,256,0
6280,1249,22,16,32290,1,0,3,95,49,0
6281,1145,43,15,75710,0,1,25,67,1149,0
6282,577,41,18,49235,1,1,4,46,70,0
6286,1070,46,17,55586,1,1,3,29,63,0
6291,664,18,12,24497,0,0,2,16,17,0
6308,876,59,16,67029,1,0,8,75,221,0
6311,830,19,13,11884,1,0,1,152,8,0
6313,1231,22,16,32795,0,1,5,80,118,0
6318,1041,64,15,90340,0,0,34,68,1725,0
6326,647,31,19,28606,1,1,3,63,26,0
6328,1013,43,14,56178,1,1,3,25,63,0
6335,953,46,20,49699,0,0,14,24,483,0
6349,1241,71,19,101430,0,0,35,45,1795,0
6378,843,77,15,102042,1,1,19,38,772,0
6382,941,77,15,113598,0,0,31,69,1539,1
6386,866,67,17,87748,0,0,19,91,765,0
6390,954,42,19,54953,1,1,4,32,90,0
6393,644,55,20,96191,0,1,24,79,1082,0
6397,575,53,17,81668,0,1,16,65,603,0
6411,1118,24,14,50977,1,0,3,60,66,0
6417,964,51,16,83407,0,1,13,10,443,0
6418,610,29,19,40527,1,0,2,22,24,0
6425,555,22,16,32098,0,0,3,96,39,0
6433,940,35,19,53095,1,1,2,85,36,0
6436,796,66,19,112188,0,0,29,23,1403,1
6437,1031,74,18,111549,0,0,33,60,1671,0
6443,829,28,19,50900,1,0,6,6,151,0
6451,659,37,15,75218,1,0,15,29,534,0
6464,827,46,17,66327,1,1,2,45,40,0
6467,558,34,17,51708,1,0,2,56,23,0
6471,858,67,16,109072,0,0,30,59,1476,0
6473,1137,21,15,36871,0,0,10,92,303,0
6481,564,44,16,63233,0,0,4,7,89,0
6488,653,65,19,85130,0,0,22,6,952,1
6489,1143,64,20,107920,1,0,32,52,1605,0
6499,1211,69,16,100455,0,0,33,84,1665,0
6501,642,54,17,87580,0,1,18,54,714,0
6508,1193,63,15,98438,0,1,24,22,1076,0
6513,1093,22,16,24785,0,0,4,89,60,0
6524,1167,53,19,81068,0,1,25,61,1141,1
6527,1188,65,14,82157,0,0,25,27,1142,0
6534,752,42,18,48949,0,1,5,5,117,0
6537,711,41,16,34116,1,1,4,30,38,0
6542,741,44,19,72091,0,1,10,12,302,0
6545,939,65,19,117726,0,0,43,92,2291,0
6548,727,74,16,120399,0,0,37,7,1918,0
6549,785,25,16,35611,1,0,3,13,32,0
6550,783,41,16,64889,1,1,8,11,217,0
6551,981,69,20,89951,0,0,27,9,1282,0
6564,1161,37,18,49551,1,1,3,94,43,0
6567,1132,23,17,32689,1,0,8,5,220,0
6570,702,54,16,96745,1,0,26,44,1205,0
6571,920,54,16,75225,0,1,13,74,436,0
6573,1190,26,19,42190,1,0,6,7,151,0
6578,1221,53,16,71819,0,1,13,84,441,0
6584,921,75,15,94156,0,0,31,45,1538,0
6591,1177,45,17,54064,0,1,5,31,118,0
6594,594,55,17,67417,0,1,3,49,65,0
6599,1138,24,18,35245,0,0,1,246,20,0
6608,656,63,16,106114,0,0,30,93,1465,0
6610,1205,76,16,96338,1,1,22,24,947,0
6614,967,25,16,26881,1,0,4,12,75,0
6617,620,30,16,47302,0,1,1,535,13,0
6621,1241,61,17,86703,0,0,30,83,1471,0
6622,605,29,20,43734,1,0,2,31,31,0
6625,995,39,17,43822,1,1,4,3,70,0
6627,623,74,17,105287,0,0,30,16,1464,0
6639,1238,40,17,54543,1,1,5,26,117,0
6640,1147,23,16,35063,1,0,5,87,117,0
6641,942,46,17,55901,0,1,1,92,19,0
6658,1195,71,18,105060,0,0,48,84,2589,0
6659,1173,68,18,107430,0,0,31,85,1537,0
6664,766,77,19,109460,1,1,28,3,1336,0
6671,739,35,20,47007,0,1,1,420,17,0
6674,946,61,15,93201,0,1,18,95,711,0
6678,1007,64,15,89909,0,1,25,69,1139,0
6679,1181,63,19,99073,0,1,36,94,1858,0
6681,1037,51,15,74961,0,1,15,68,544,0
6688,1134,26,20,42139,1,0,5,15,120,0
6712,1010,44,16,70251,1,1,17,48,644,0
6713,718,68,19,100100,0,0,29,25,1411,0
6725,1127,26,17,53398,0,1,9,61,262,0
6733,727,44,19,61523,0,1,6,16,152,0
6735,802,20,14,25643,0,0,9,66,259,0
6737,553,40,15,45691,1,1,2,8,26,0
6740,574,74,17,98565,0,0,29,29,1414,0
6745,1009,50,17,54244,0,1,11,70,346,0
6754,908,35,17,39654,1,1,2,78,41,0
6755,647,26,20,27236,1,0,1,363,11,0
6757,666,20,14,34246,1,0,3,7,33,0
6768,855,34,15,51395,1,0,1,449,20,0
6780,568,35,17,35291,0,1,3,7,32,0
6791,1022,21,15,19045,1,0,3,42,42,0
6812,1053,39,16,45627,1,1,1,70,15,0
6813,994,60,14,92507,0,1,22,75,962,0
6814,1206,65,18,89321,0,0,26,1,1211,0
6818,996,21,15,22921,0,0,4,24,70,0
6823,950,33,19,52886,1,0,7,97,187,0
6824,796,76,18,110181,0,0,33,98,1665,1
6831,622,52,20,85819,0,1,22,3,957,1
6832,962,65,20,89283,0,0,25,43,1148,0
6848,1039,20,14,35187,1,0,2,99,27,0
6862,980,28,18,34307,1,0,1,429,17,0
6864,992,49,18,79242,0,1,17,88,647,0
6866,767,46,19,71589,0,1,15,13,541,0
6871,803,44,15,61846,1,0,13,18,436,0
6873,714,42,17,63919,0,1,12,23,390,0
6881,559,23,17,33562,1,0,5,28,59,0
6882,1222,25,17,53154,1,0,7,50,187,0
6883,1048,34,18,55226,1,0,14,89,489,0
6885,661,62,18,68266,0,1,17,22,649,1
6888,628,75,14,117837,0,0,28,68,1334,0
6892,1125,55,16,79672,0,1,11,96,340,0
6895,799,41,18,52701,0,0,9,12,253,0
6899,1105,46,20,59937,0,0,21,31,888,0
6900,1221,77,16,115669,0,0,40,17,2105,0
6904,1010,58,14,89479,0,1,21,7,886,0
6913,914,64,17,108903,0,0,34,39,1728,1
6914,674,53,15,73733,0,1,8,73,224,0
6923,967,53,18,79423,0,1,24,2,1082,0
6925,1023,52,16,75107,0,1,19,67,772,0
6926,637,49,20,72674,0,1,4,99,90,0
6929,860,35,17,34809,1,0,1,263,19,0
6936,945,18,12,27107,1,0,3,84,64,0
6939,576,56,18,94059,0,1,10,29,301,0
6942,1149,35,19,41235,1,1,3,66,54,0
6947,1245,37,16,65908,0,1,11,9,348,0
6952,1209,35,15,41295,1,1,2,59,40,0
6956,1149,49,16,68867,0,1,11,32,341,0
6957,961,22,16,42513,1,0,5,46,119,0
6958,1223,21,15,17584,1,0,3,50,39,0
6960,597,70,20,115215,0,0,27,23,1271,0
6962,1206,31,16,42340,1,0,2,41,42,0
6967,1204,26,14,38178,0,1,10,57,301,0
6972,1119,18,12,19890,0,1,2,52,26,0
6973,660,35,18,38451,1,1,3,86,33,0
6975,582,27,15,59001,1,1,4,79,72,0
6980,745,60,15,103137,0,1,16,38,599,0
6986,712,22,16,41378,0,1,3,93,33,0
6989,1038,29,19,44711,1,0,16,37,603,0
6994,1234,49,16,66112,0,1,16,23,601,0
6997,1104,67,14,88500,0,1,27,72,1272,0
7001,701,37,15,54559,0,1,2,50,41,0
7018,1220,18,12,15331,0,0,2,100,28,0
7041,1163,26,15,25189,0,0,5,66,77,0
7042,1001,54,15,79238,0,1,17,76,653,0
7043,587,20,14,30406,0,0,3,96,28,0
7044,1235,69,19,96446,0,0,40,2,2107,0
7045,963,27,15,43710,1,0,3,27,48,0
7052,753,52,18,68334,1,0,11,4,339,0
7055,588,76,18,115753,0,0,36,37,1855,0
7058,704,64,17,91701,0,1,18,75,712,0
7059,902,72,19,91221,0,0,29,60,1406,1
7062,1151,18,12,35995,0,0,9,89,263,0
7064,660,53,15,77484,0,1,28,45,1337,0
7065,1115,73,16,105675,0,0,35,38,1797,1
7067,740,51,16,76027,0,1,16,52,590,0
7070,1117,62,19,87950,0,0,21,25,892,0
7074,1109,37,17,35541,1,1,1,29,17,0
7082,855,60,18,103359,0,1,30,30,1470,1
7085,1175,28,16,38761,1,1,4,4,68,0
7089,635,54,19,78640,0,1,10,43,299,0
7091,1215,75,15,127111,1,0,44,7,2351,0
7096,933,22,15,28398,1,0,1,253,20,0
7104,635,71,20,109924,0,0,30,83,1465,0
7106,1231,36,15,49011,0,1,7,42,183,0
7107,1130,37,18,63198,1,0,19,97,761,0
7108,831,37,14,57471,1,1,3,32,43,0
7109,788,75,15,98977,0,0,27,54,1275,0
7112,570,18,12,29093,1,1,3,20,20,0
7115,885,18,12,16656,0,0,4,17,54,0
7116,697,59,19,83560,0,1,19,57,770,0
7121,738,70,17,100710,0,0,32,21,1605,0
7123,807,33,16,40274,1,0,5,16,81,0
7124,826,33,18,42046,1,0,2,95,33,0
7133,1007,69,20,107764,0,0,31,31,1536,0
7134,755,22,16,35008,1,0,2,3,21,0
7139,848,28,18,26013,1,0,2,63,25,0
7146,1241,20,14,25005,1,0,2,1,25,0
7158,578,70,14,98304,0,0,15,41,546,0
7165,689,29,16,31779,1,0,2,36,23,0
7167,1083,36,17,50478,1,1,2,75,36,0
7173,562,42,16,59145,1,1,4,19,45,0
7180,1128,24,16,35814,1,0,7,51,187,0
7181,947,38,15,29467,0,1,5,94,66,0
7186,648,29,18,47898,1,1,2,56,29,0
7200,848,27,15,33667,1,0,4,87,57,0
7208,765,26,18,35427,1,0,4,54,47,0
7210,821,66,15,102611,0,0,29,76,1398,0
7223,671,20,14,40053,1,0,2,80,20,0
7227,855,45,18,44230,0,0,3,1,66,0
7236,991,41,15,63572,1,1,12,62,385,0
7260,663,27,18,45169,1,0,4,94,49,0
7274,988,77,16,95827,0,0,26,4,1207,0
7275,831,66,16,110251,0,0,38,13,1981,0
7278,759,25,19,34887,1,0,4,30,44,0
7285,615,68,15,96759,0,0,20,67,833,0
7287,1157,73,19,108399,0,1,26,17,1210,1
7299,616,62,15,91096,0,0,29,72,1406,0
7301,818,71,19,126271,0,0,41,27,2166,0
7302,1068,19,13,45926,0,0,19,92,763,0
7306,894,59,19,99822,0,0,28,2,1349,0
7309,727,35,15,47605,1,1,4,54,66,0
7311,946,19,13,39210,1,0,5,57,118,0
7316,693,74,20,106990,0,0,26,21,1218,0
7324,1205,55,16,88974,0,1,21,33,885,0
7328,1048,63,19,95096,0,1,24,57,1077,0
7339,1231,72,14,107890,0,0,39,79,2042,0
7341,836,77,16,132540,0,0,50,90,2704,1
7344,911,59,20,102778,0,1,21,24,888,0
7361,1044,22,16,26906,0,0,5,27,118,0
7367,583,27,17,58306,1,1,1,445,19,0
7374,863,52,15,82578,0,1,22,30,961,0
7378,831,42,17,56850,0,0,11,94,341,0
7379,698,25,16,42429,1,1,5,33,67,0
7387,646,25,19,42290,0,1,2,73,35,0
7392,638,19,13,27731,0,0,4,15,93,0
7395,958,73,16,106040,0,0,33,64,1665,0
7397,908,42,20,33966,1,1,3,44,42,0
7401,959,60,14,86539,0,1,19,15,768,0
7405,668,35,16,52852,1,1,1,417,13,0
7408,814,77,15,111771,0,0,35,78,1794,1
7409,568,28,16,34301,1,0,3,56,36,0
7415,1201,66,18,85566,0,0,32,80,1598,0
7418,569,40,14,61458,1,1,2,62,40,0
7428,1112,25,16,10000,1,0,2,1,22,0
7432,946,57,17,82777,0,1,23,56,1019,0
7437,1187,62,16,94004,0,0,33,73,1662,0
7445,1088,45,15,70551,0,1,11,32,339,0
7451,696,36,19,44414,1,1,2,36,26,0
7459,600,62,20,103168,1,1,17,72,648,0
7460,795,30,15,37811,1,0,1,235,16,0
7461,1096,29,20,37907,1,0,12,67,392,0
7463,586,27,20,31501,1,0,5,84,47,0
7466,1063,45,16,76677,0,1,22,64,953,0
7472,644,23,17,11360,1,0,5,78,33,0
7478,719,55,19,65582,0,1,5,63,118,0
7480,924,37,19,66866,0,0,12,32,386,0
7482,978,49,18,56893,0,0,8,12,220,0
7486,1028,31,14,71750,1,0,20,97,832,0
7489,1012,25,19,32933,1,0,1,343,13,0
7518,1061,39,16,48590,1,1,5,9,119,0
7523,1058,51,20,63029,0,1,7,6,188,0
7527,930,31,20,31302,1,0,1,184,9,0
7536,850,21,14,31623,1,0,4,76,43,0
7556,833,55,20,77250,0,1,10,100,297,0
7561,1192,76,14,88885,0,0,26,78,1209,0
7571,756,27,16,38520,1,0,3,32,44,0
7573,737,69,16,90665,0,0,26,62,1219,1
7574,573,51,19,73916,1,0,6,55,154,0
7576,877,23,17,29823,1,0,2,80,33,0
7579,703,43,16,72935,0,0,15,6,535,0
7591,719,49,17,82860,0,1,17,77,648,0
7594,1198,68,20,95259,0,0,35,5,1790,0
7600,1020,73,18,97883,0,0,34,74,1723,0
7601,837,56,15,74085,1,1,11,52,344,0
7602,712,54,18,84089,0,1,23,65,1010,0
7603,768,71,17,104665,0,0,26,12,1216,0
7609,1164,53,19,82679,0,1,13,93,442,0
7612,961,37,17,50544,1,1,5,42,120,0
7618,791,19,13,27546,1,0,5,3,65,0
7622,687,75,18,117216,1,1,28,57,1344,0
7623,551,33,19,30206,0,1,5,63,50,0
7629,862,68,16,102096,0,0,32,77,1598,0
7632,622,39,14,35800,1,1,5,10,55,0
7634,616,42,18,54212,1,1,4,2,54,0
7654,641,22,15,42514,0,0,2,96,30,0
7655,1237,18,12,31503,0,0,4,60,92,0
7663,940,67,18,92403,0,0,26,43,1215,0
7664,957,59,18,97773,1,1,16,52,605,0
7667,1195,57,17,80319,0,1,21,85,887,0
7672,599,39,15,68361,1,1,2,25,37,0
7673,964,34,19,57022,1,0,4,53,90,0
7687,785,38,19,37902,1,1,2,92,19,0
7691,898,20,14,29365,0,0,3,88,65,0
7704,1008,27,17,51573,1,0,3,97,66,0
7706,1074,43,19,57164,1,1,9,11,255,0
7716,794,45,17,67529,1,1,3,12,66,0
7724,577,62,17,78724,0,1,14,38,482,0
7732,844,28,18,49229,1,0,3,42,54,0
7733,1081,70,14,87375,0,0,23,3,1021,0
7739,697,38,15,40019,1,0,3,28,54,0
7742,834,40,18,68588,1,0,20,88,836,0
7745,1122,20,14,49008,1,1,4,74,73,0
7746,953,50,17,58733,0,1,11,26,341,0
7749,561,36,15,54382,1,1,2,66,33,0
7752,898,33,19,58315,1,0,3,81,65,0
7757,1213,78,20,119104,0,0,45,96,2407,0
7759,694,42,18,78503,1,0,7,11,182,0
7760,1074,32,18,51487,1,0,7,70,185,0
7773,1097,63,17,97218,0,1,31,91,1536,0
7779,829,44,18,63740,1,1,3,29,50,0
7780,729,77,15,116627,0,0,32,91,1602,0
7784,1239,54,17,65377,0,1,19,97,771,0
7797,1024,43,19,54680,1,1,2,92,37,0
7806,1063,54,17,77718,0,1,14,12,486,0
7807,846,24,16,29042,0,1,3,49,38,0
7810,1029,35,17,43971,1,1,2,63,30,0
7816,1065,20,14,27205,1,0,2,38,23,0
7818,1029,32,16,33226,0,0,2,60,41,0
7833,648,19,13,36685,0,1,2,100,36,0
7835,794,49,18,54693,0,0,7,68,181,0
7836,1106,19,13,25105,1,0,1,245,19,0
7839,1110,65,17,95299,0,0,25,47,1138,1
7848,614,36,18,51993,1,0,4,68,57,0
7857,1244,23,17,29738,0,0,1,491,19,0
7860,1068,38,15,42618,1,1,2,62,37,0
7861,1090,39,16,70645,1,1,6,17,151,0
7866,1224,21,15,36149,1,0,6,68,153,0
7884,1056,18,12,14426,1,0,4,67,38,0
7885,844,65,16,105090,0,0,31,63,1543,1
7887,1223,55,16,72512,1,1,17,46,649,0
7898,1012,32,19,39106,1,0,2,1,31,0
7904,581,51,15,66836,0,1,10,88,305,0
7909,619,18,12,40466,0,0,3,65,47,0
7919,788,46,17,61447,0,1,10,34,295,0
7932,896,45,17,62146,0,0,11,4,339,0
7933,668,51,19,72732,0,1,8,8,225,0
7949,756,68,18,106350,0,0,28,1,1336,0
7953,870,52,18,75669,0,1,16,86,592,0
7954,663,26,14,32910,1,0,4,98,35,0
7960,1162,48,18,77703,0,1,16,49,592,0
7961,580,62,19,96913,0,1,18,69,719,0
7967,597,34,16,44868,1,0,1,239,16,0
7983,1133,63,15,76974,0,1,20,0,834,0
7989,774,43,18,42853,1,1,4,33,59,0
7991,1149,73,20,109355,0,0,44,58,2351,1
7992,658,58,17,77227,0,1,2,80,42,0
7994,1212,54,16,64417,0,1,18,31,703,0
8009,956,68,15,100422,0,0,32,8,1602,0
8015,637,58,19,85094,0,0,15,44,550,0
8016,1050,47,18,64199,0,1,16,91,591,0
8019,646,37,17,56307,1,1,2,99,35,0
8026,1115,50,14,76048,0,1,30,33,1464,0
8033,586,55,16,87279,0,1,15,78,545,0
8034,1047,37,15,61403,1,0,7,46,182,0
8045,1242,63,14,103369,0,0,36,21,1854,0
8047,583,43,17,73444,1,1,3,99,66,0
8050,861,60,16,89163,0,1,20,89,829,1
8053,1143,59,17,95607,0,1,29,16,1411,0
8054,1115,63,20,86742,0,1,18,93,717,0
8055,1202,19,13,19749,1,0,4,7,64,0
8056,1202,20,14,20700,1,0,2,45,33,0
8061,753,42,16,71242,1,1,10,66,297,0
8062,988,40,16,53752,1,1,3,26,66,0
8063,633,61,14,94565,0,0,27,41,1271,0
8070,1016,19,13,20313,1,0,4,54,61,0
8081,707,77,15,110471,0,0,31,68,1538,0
8088,1123,61,17,94284,0,1,27,23,1270,0
8094,674,74,17,101242,0,0,25,43,1151,0
8097,640,55,14,83935,0,1,17,19,645,0
8098,900,53,17,66181,0,1,10,55,302,0
8100,1074,77,20,101500,0,0,38,86,1977,0
8103,957,76,17,111873,0,0,28,64,1340,0
8110,959,43,17,51024,1,1,4,62,73,0
8117,578,60,14,84673,0,1,7,14,182,0
8122,985,22,15,37421,1,0,3,27,41,0
8125,947,47,17,62440,0,1,5,46,120,1
8135,871,74,19,106506,0,1,32,43,1597,0
8140,1229,54,16,74670,0,1,26,6,1206,0
8142,843,32,15,46252,1,0,3,11,56,0
8143,784,38,16,40490,0,1,3,97,51,0
8151,752,28,17,49255,1,0,8,18,224,0
8155,971,71,15,88614,0,0,20,91,834,0
8159,885,28,19,40715,1,1,3,91,65,0
8162,624,57,17,64283,0,1,6,43,148,0
8174,1166,57,19,93109,0,1,27,13,1268,0
8180,1123,70,15,85410,0,0,24,60,1078,0
8189,574,37,14,28741,0,0,4,64,36,0
8191,639,39,17,68382,1,1,6,10,153,0
8201,749,73,15,97334,0,0,29,53,1403,0
8204,703,23,14,47016,1,0,6,13,150,0
8205,1062,35,18,59708,0,0,23,48,1023,0
8210,1055,68,17,113976,0,0,48,99,2589,1
8211,687,29,15,31950,1,0,2,20,22,0
8215,895,60,16,72520,0,0,16,43,592,0
8232,635,67,18,115231,0,0,25,12,1139,0
8249,569,50,14,63418,0,1,4,33,91,0
8252,1244,39,15,54060,1,1,3,80,65,0
8254,1046,54,14,81580,0,1,18,74,715,0
8256,692,20,14,31773,0,0,2,3,28,0
8276,1013,36,14,38395,1,1,2,28,24,0
8277,848,28,16,29973,1,0,4,69,62,0
8280,1083,40,17,55385,1,1,5,57,117,0
8287,707,20,14,28836,1,0,5,35,52,0
8301,684,59,18,73993,0,1,2,59,41,0
8303,953,57,17,65206,0,1,9,24,263,0
8305,593,59,16,74089,0,1,2,15,37,0
8319,642,20,14,24193,1,0,2,58,24,0
8324,1047,76,20,117695,0,0,27,66,1278,0
8327,1131,56,19,95647,0,1,26,31,1208,0
8328,663,66,18,109325,0,0,25,44,1146,1
8329,971,28,18,34404,1,1,2,82,21,0
8330,912,26,20,19798,1,0,4,39,57,0
8332,945,73,15,99963,0,0,20,52,830,0
8341,823,45,15,52546,1,1,6,35,153,0
8348,1019,55,17,88871,0,1,12,48,393,0
8349,1246,21,15,43160,1,0,11,55,337,0
8357,1009,69,19,117959,0,1,34,27,1734,0
8362,779,61,17,94625,0,1,21,55,899,0
8365,558,20,14,28662,1,0,2,79,30,0
8373,1024,64,16,86000,1,0,19,99,761,0
8375,970,74,17,97952,0,0,30,29,1469,0
8384,704,66,18,99240,0,0,36,97,1860,0
8386,1116,50,17,69619,1,1,6,85,148,0
8401,741,44,19,69239,1,1,8,64,218,0
8427,572,33,20,48277,1,1,2,49,28,0
8429,709,60,16,79687,0,0,22,76,961,0
8430,868,77,19,98128,1,1,17,36,657,0
8453,791,67,20,81359,0,0,22,52,946,0
8458,1071,27,18,53143,1,0,4,67,71,0
8476,644,46,16,66235,1,1,4,59,91,0
8481,643,74,19,93805,0,0,24,28,1077,1
8487,764,47,18,79172,0,1,9,44,254,0
8490,1085,25,16,30469,1,0,4,67,63,0
8495,563,46,15,55186,1,1,9,98,255,0
8503,762,31,19,53013,1,1,8,48,221,0
8507,1183,75,18,93885,0,0,28,7,1342,0
8518,613,74,17,92233,0,0,17,30,650,0
8520,645,30,15,46431,0,0,1,365,20,0
8522,826,68,20,111375,0,0,32,36,1607,0
8524,1108,36,16,52736,1,1,11,54,344,0
8525,773,35,19,60635,1,1,4,51,65,0
8527,624,55,19,87755,0,0,26,15,1203,0
8532,802,62,15,90614,0,0,32,68,1599,1
8535,1004,20,14,38101,0,0,5,13,119,0
8543,1063,63,18,96641,0,1,33,76,1668,1
8544,572,67,15,119774,0,0,37,49,1921,0
8545,567,62,15,107501,0,1,20,78,833,0
8546,1117,49,20,69757,0,1,17,7,655,0
8548,671,38,20,52366,1,0,1,340,20,0
8554,1074,77,15,140628,0,0,48,36,2589,1
8562,824,56,17,86191,0,1,18,59,705,0
8563,1114,38,20,64185,1,1,7,83,184,0
8565,658,45,15,68659,0,1,1,30,19,0
8573,921,76,17,118729,0,0,29,52,1409,0
8574,755,73,18,121525,0,0,33,29,1671,0
8577,687,26,16,38116,1,0,4,42,65,0
8596,645,59,16,81722,0,1,10,7,303,0
8597,1140,20,14,36269,1,0,4,55,75,0
8598,601,25,19,35599,1,0,4,8,57,0
8601,921,52,17,68822,0,1,4,32,89,0
8603,964,46,14,77979,1,1,18,48,713,0
8605,939,27,18,37404,1,1,3,99,51,0
8606,888,40,16,65797,1,1,8,3,219,0
8624,768,40,20,52678,1,0,5,14,93,0
8630,711,31,17,53591,1,1,5,96,82,0
8632,919,21,14,23966,1,0,2,8,27,0
8634,642,56,19,78283,0,1,12,95,387,0
8645,1230,35,18,61463,1,1,5,86,87,0
8646,1159,31,16,46278,0,1,10,78,297,0
8654,1042,39,19,70826,1,1,4,23,90,0
8658,1213,53,19,74765,0,1,8,30,219,0
8662,961,31,17,28488,1,0,3,36,42,0
8673,861,64,14,101697,0,1,20,33,832,0
8677,1133,62,16,91487,0,1,21,26,900,0
8699,784,68,18,85742,0,0,19,11,769,0
8704,1114,65,19,91282,0,0,32,6,1604,0
8705,1078,59,18,104151,0,1,28,79,1344,0
8708,727,68,18,100378,0,0,33,9,1659,0
8714,910,27,18,31607,1,0,1,448,17,0
8722,700,67,19,93524,0,0,30,60,1472,1
8727,1206,34,17,49335,1,0,8,73,225,0
8728,629,57,16,63602,0,1,4,92,93,0
8731,556,75,16,96088,0,0,34,55,1730,1
8737,812,37,17,46793,1,1,2,8,22,0
8743,848,38,16,41581,1,1,2,67,34,0
8756,665,44,17,62852,1,1,3,2,63,0
8760,804,66,16,113144,0,0,32,76,1601,1
8761,1079,25,17,37410,1,0,4,82,93,0
8764,926,44,14,66428,1,1,2,94,36,0
8771,911,61,18,96449,0,1,22,81,961,0
8775,629,29,20,47746,1,0,3,78,45,0
8785,728,69,20,91650,0,1,11,12,340,1
8789,752,33,19,48252,1,0,3,0,66,0
8793,886,72,19,107637,0,0,39,89,2042,0
8797,1023,28,16,38418,1,0,5,91,76,0
8798,846,60,18,105196,0,0,37,52,1914,1
8800,660,48,17,59157,0,1,1,352,19,0
8806,1173,72,18,101777,0,0,31,23,1534,0
8807,708,28,14,33282,1,0,2,46,31,0
8808,1031,36,15,44070,1,1,5,95,71,0
8810,868,48,18,72973,0,1,11,64,350,0
8822,942,44,16,77700,1,1,15,48,540,0
8823,1093,63,16,98409,0,1,19,88,780,0
8827,1001,44,17,56091,1,1,6,95,149,0
8836,953,23,15,43725,1,0,1,441,19,0
8855,985,60,19,75260,0,1,20,54,829,0
8861,1185,22,16,31313,1,0,1,526,17,0
8869,831,35,18,48544,1,1,1,211,20,0
8871,1098,54,16,70901,0,1,17,43,646,0
8874,1102,74,19,110411,0,0,40,16,2105,1
8876,1091,56,15,90590,0,1,29,6,1398,0
8887,558,46,20,91974,1,1,13,19,432,1
8888,894,63,15,74291,0,1,15,78,536,0
8890,778,36,18,55001,1,0,3,12,64,0
8892,1027,68,18,86560,0,1,21,47,884,0
8899,568,22,16,34213,1,0,5,10,43,0
8904,607,73,16,121030,0,0,35,99,1787,1
8905,557,21,15,32555,1,0,3,8,32,0
8906,1210,21,15,45651,0,0,15,37,549,0
8907,776,19,13,26113,0,1,2,50,37,0
8908,675,45,17,52962,0,1,3,92,41,0
8910,1104,45,18,52617,1,1,3,52,65,0
8914,883,60,15,81467,0,1,26,36,1208,0
8918,838,50,18,82391,0,1,16,74,588,0
8930,564,52,17,64331,0,0,19,53,763,0
8932,883,21,15,29609,0,0,2,19,40,0
8937,811,39,15,64128,1,1,2,27,36,0
8938,921,64,16,86229,0,1,28,23,1335,0
8941,1230,74,19,108211,0,0,33,98,1670,0
8943,855,67,17,100434,0,0,31,31,1534,0
8946,972,69,16,102392,0,0,30,34,1475,0
8954,1109,28,17,32327,1,0,2,86,25,0
8971,690,62,18,97227,0,1,10,23,299,0
8978,728,75,16,105172,0,0,25,80,1145,0
8985,1107,37,16,51409,1,0,5,17,120,0
8986,801,19,13,29853,0,0,1,449,19,0
8988,1203,76,20,114849,0,0,40,29,2106,1
8990,1025,54,17,79364,0,1,26,87,1212,0
8995,715,49,19,74391,0,1,13,48,432,0
8999,1054,45,15,73074,0,1,26,73,1217,0
9003,593,19,13,23709,0,0,3,46,31,0
9006,1063,34,19,60718,1,0,11,88,350,0
9014,571,73,15,106133,0,0,24,76,1080,0
9017,1134,18,12,27006,0,0,2,65,32,0
9024,854,49,15,74081,0,1,4,85,92,0
9026,1008,38,18,50251,1,1,3,61,64,0
9027,1023,36,17,64843,1,1,9,15,258,0
9032,1077,50,18,63705,0,0,18,63,708,0
9039,1244,75,15,112534,0,0,46,33,2471,0
9041,1055,29,15,55212,1,0,12,96,386,0
9050,768,65,15,107193,0,0,31,62,1535,1
9056,845,20,14,18437,1,0,4,13,56,0
9057,1026,53,18,81774,1,1,16,42,594,0
9061,588,24,18,14638,0,0,4,34,28,0
9064,1000,38,17,54028,1,1,1,82,19,0
9066,806,31,14,40024,1,0,2,81,25,0
9067,651,63,18,110799,0,1,34,32,1732,0
9069,822,71,19,92634,0,0,22,3,965,0
9071,773,56,17,70561,1,1,5,68,79,0
9076,845,67,14,99435,0,0,32,43,1607,1
9086,722,61,14,95800,0,0,26,83,1219,0
9087,1094,50,16,78753,0,1,11,68,338,0
9091,591,33,16,36683,1,1,2,84,24,0
9097,1151,37,18,72144,1,1,17,74,650,0
9109,1046,67,15,96701,0,0,26,12,1215,0
9111,871,49,15,69868,0,1,14,27,493,0
9118,1107,58,19,94817,0,0,26,46,1204,0
9123,1197,30,20,50177,1,1,2,49,40,0
9125,947,21,15,37446,0,0,10,58,299,0
9126,1213,69,16,91157,0,0,20,5,827,0
9131,565,75,17,112222,0,1,28,94,1341,0
9135,732,77,16,107593,0,0,36,85,1857,0
9139,853,26,17,33186,1,1,2,86,21,0
9154,769,38,17,60620,1,1,12,35,383,0
9158,693,60,17,81451,1,0,4,16,90,0
9165,844,39,18,67371,1,1,6,100,153,0
9168,740,60,15,106146,0,1,24,98,1078,0
9171,648,77,14,95450,0,0,31,15,1529,0
9177,1015,34,15,48344,1,0,5,46,121,0
9179,921,62,14,95776,0,1,26,56,1215,0
9181,1244,58,15,73080,0,1,7,70,187,0
9184,1238,70,15,88591,0,0,35,94,1791,0
9186,1109,33,20,53086,1,0,1,191,20,0
9200,906,60,19,79799,0,0,20,78,839,0
9206,1130,41,16,69970,0,0,15,58,545,0
9211,818,40,19,49284,0,1,10,82,294,0
9220,750,61,18,93747,0,1,29,29,1414,0
9224,1073,37,18,61107,1,1,7,31,186,0
9227,933,78,15,106542,0,0,33,82,1661,0
9234,566,54,17,86144,1,1,11,87,341,1
9239,1219,57,15,73915,0,1,21,48,895,0
9242,1246,47,17,64131,0,1,18,85,703,0
9259,651,25,16,31398,1,0,2,10,18,0
9263,910,26,16,42665,1,0,4,80,64,0
9265,1106,78,19,101554,0,0,29,42,1401,0
9266,1139,42,15,71390,1,1,16,57,589,0
9267,719,29,17,48181,1,0,1,256,20,0
9275,1143,21,15,26500,0,0,10,70,296,0
9292,927,23,17,38299,0,0,7,81,183,0
9302,1208,71,17,104836,0,0,41,20,2167,1
9309,1118,63,19,74840,0,1,19,63,767,0
9325,1030,73,16,98120,0,0,34,89,1729,0
9333,557,39,18,57806,1,1,7,61,187,0
9342,605,50,19,74146,0,1,8,84,216,0
9345,589,32,14,50092,0,0,1,129,19,0
9351,777,46,18,86805,0,1,23,4,1011,0
9355,1120,67,19,110811,0,0,47,91,2530,1
9358,798,43,15,51927,0,1,8,84,216,0
9359,883,75,17,109155,0,0,33,25,1663,0
9360,894,47,17,72304,0,0,17,10,650,0
9363,618,71,17,103487,0,0,25,3,1138,0
9365,1023,65,18,100190,0,1,26,6,1216,0
9366,1206,32,14,51203,1,0,8,61,222,0
9374,987,22,16,29892,0,0,5,74,117,0
9375,881,53,17,71733,0,1,10,15,305,0
9376,731,59,17,77141,0,0,16,59,596,0
9378,562,43,16,78550,1,1,15,13,539,0
9384,985,77,17,119241,0,0,41,56,2162,0
9394,786,38,15,63608,1,1,3,86,56,0
9395,562,57,17,71331,0,1,17,67,655,1
9397,1141,62,20,84441,0,1,17,33,656,0
9412,660,30,14,52565,1,0,2,33,24,0
9417,1013,31,15,50439,1,0,10,31,300,0
9422,767,56,18,85781,0,1,15,55,533,0
9424,923,23,16,32727,0,0,8,61,216,0
9435,580,68,20,109151,0,0,23,70,1021,0
9437,599,38,15,43298,1,1,1,400,13,0
9439,908,61,16,89440,0,1,24,12,1076,0
9443,791,40,16,45371,1,1,2,52,27,0
9444,722,34,20,58870,1,0,1,530,20,0
9445,683,51,14,70780,0,1,9,79,264,0
9447,789,64,16,103063,0,1,21,46,886,0
9450,1013,57,19,85477,0,1,24,8,1078,0
9453,849,66,20,99931,0,0,38,53,1976,1
9460,1046,47,15,82430,0,1,18,26,707,0
9471,1066,76,15,126521,0,1,43,2,2289,0
9475,610,75,15,124767,0,0,33,10,1663,0
9484,1242,51,18,79155,0,1,29,31,1403,0
9490,678,51,16,82581,0,1,18,17,717,0
9498,795,25,17,48121,1,0,2,54,41,0
9499,974,20,14,10000,1,0,4,31,35,0
9500,1134,25,18,30550,1,0,2,98,28,0
9503,1138,32,15,38367,1,0,2,32,41,0
9511,1117,44,18,57390,1,1,11,45,337,0
9520,635,38,19,58468,1,1,2,16,33,0
9522,552,59,15,104554,0,1,22,99,964,0
9523,859,19,13,28265,0,0,4,16,55,0
9526,960,53,14,70777,1,1,9,65,260,0
9532,965,32,17,47677,1,1,5,49,79,0
9533,1086,65,15,87192,0,0,26,44,1209,0
9547,1125,52,16,81442,1,1,29,1,1404,0
9551,1075,59,15,88044,0,1,16,76,599,0
9552,952,57,15,83113,0,1,17,87,659,0
9556,1149,33,14,62362,0,1,22,88,947,0
9573,558,51,15,79223,0,1,17,29,657,0
9577,1155,60,20,91906,0,0,25,16,1146,1
9581,914,71,16,105855,1,1,29,58,1401,1
9583,1145,30,17,46497,1,0,9,31,255,0
9588,814,67,16,77593,0,0,9,39,254,0
9589,1034,77,19,118307,0,0,39,99,2046,0
9591,1103,64,17,86614,0,1,22,97,955,0
9599,850,52,19,91449,1,0,25,76,1144,0
9611,1047,30,15,55624,1,0,5,14,121,0
9613,820,51,19,88568,0,1,26,14,1213,0
9615,1155,76,19,107309,0,0,44,77,2347,0
9622,731,72,16,115133,0,0,31,86,1542,1
9624,729,42,20,65022,1,1,4,79,54,0
9625,554,35,18,44749,1,1,4,33,50,0
9654,974,28,15,35115,1,1,5,97,70,0
9657,606,20,14,13871,1,0,3,52,30,0
9658,835,75,18,121304,0,0,34,77,1731,0
9660,779,53,14,69789,0,1,10,45,298,0
9661,958,21,15,14733,0,1,1,197,14,0
9665,883,56,17,104904,0,0,31,16,1542,0
9667,651,39,20,54112,1,1,4,97,37,0
9678,1069,36,19,61837,1,1,13,55,433,0
9679,705,53,20,92690,0,1,22,87,962,0
9680,769,66,15,90255,0,0,15,33,546,0
9682,729,28,20,34361,1,0,1,96,19,0
9683,1058,42,16,76150,1,1,8,45,222,0
9689,805,75,18,122282,0,0,45,47,2408,0
9691,617,48,16,69653,1,1,3,89,64,0
9703,638,29,17,47178,1,0,2,63,29,0
9704,961,69,18,102804,0,0,31,35,1528,0
9705,1243,57,18,88413,0,1,24,82,1073,0
9707,872,29,15,36719,1,0,3,4,56,0
9708,1135,44,18,57146,1,0,6,63,148,0
9711,995,67,18,110254,0,0,43,26,2288,1
9715,754,68,14,113561,0,0,22,97,959,0
9717,1234,72,16,88670,1,0,11,30,338,0
9721,611,73,17,96033,0,0,33,46,1668,1
9729,1139,35,15,71266,0,0,14,67,487,0
9730,1165,36,15,58997,1,1,6,80,152,0
9731,670,36,19,73509,0,1,19,97,768,0
9732,695,61,19,68929,0,0,13,24,436,0
9736,1019,36,19,62345,1,1,7,85,187,0
9746,1181,73,15,111678,0,0,38,37,1983,0
9753,1045,52,16,92496,0,0,28,10,1348,0
9757,1089,42,18,60851,1,1,2,8,32,0
9767,961,34,20,53217,1,0,14,24,497,0
9773,1003,60,19,79236,0,1,13,87,433,0
9776,1003,67,19,93156,0,0,24,30,1090,1
9779,1170,31,20,48698,1,0,4,58,91,0
9784,1206,32,18,47217,1,0,1,163,19,0
9800,723,38,17,49507,1,1,4,80,43,0
9803,1235,42,15,59134,1,0,12,7,385,0
9804,862,62,19,87135,0,1,12,43,384,0
9811,611,29,18,37521,1,0,1,250,19,0
9823,1175,69,19,107589,0,0,47,27,2530,1
9826,1229,65,17,84967,0,0,27,27,1285,0
9828,669,55,20,74116,0,1,11,9,339,0
9829,1052,49,20,78879,0,1,18,52,701,0
9830,697,78,20,113174,0,0,36,84,1850,1
9837,831,39,14,67492,1,1,5,39,119,0
9838,939,54,19,83724,0,1,26,27,1213,0
9845,1098,53,18,87447,0,1,23,91,1027,0
9846,588,51,16,49854,0,1,4,68,71,0
9854,1242,38,15,58183,0,1,7,37,181,0
9863,741,56,19,74964,0,1,6,72,152,0
9865,986,77,16,124599,0,0,43,61,2289,0
9878,665,70,16,91003,0,1,30,15,1464,1
9880,888,39,16,61115,1,1,11,88,348,0
9882,1188,19,13,36681,1,0,1,53,20,0
9887,841,35,19,45328,0,0,3,46,66,0
9900,645,33,15,58165,1,0,4,44,49,0
9901,1024,59,16,68114,0,1,20,47,835,0
9902,781,77,17,110163,0,0,23,58,1020,0
9903,838,65,14,93925,0,0,25,77,1139,0
9926,1200,68,15,104702,0,1,30,98,1471,0
9936,585,30,17,49510,1,0,3,4,48,0
9937,806,36,16,58185,0,1,5,33,117,0
9939,641,37,18,48190,1,0,1,33,14,0
9942,936,38,19,68331,0,0,11,9,337,0
9944,634,37,15,57436,1,1,2,64,40,0
9953,916,28,18,58148,1,0,1,210,18,0
9954,960,24,17,46554,1,0,7,89,183,0
9955,556,49,17,69556,0,0,9,83,260,0
9956,947,41,15,65953,1,1,16,66,602,0
9965,1039,76,18,119488,0,0,32,36,1598,0
9966,606,70,16,106263,0,0,25,51,1141,0
9968,1044,29,16,45348,1,0,4,66,92,0
9981,1017,23,17,16663,1,0,7,25,186,0
9983,986,64,19,106432,0,1,24,15,1090,1
9985,785,55,15,66070,1,1,3,44,39,0
9989,592,60,18,93452,0,1,13,10,435,0
9993,1132,32,15,31971,1,0,3,32,44,0
9994,653,25,14,26376,1,0,4,67,35,0
10009,1029,49,17,86735,0,1,33,66,1662,1
10012,1058,66,18,94524,0,0,30,42,1477,0
10016,1164,21,15,27406,1,0,4,17,68,0
10022,1138,24,17,26974,1,0,1,68,19,0
10024,671,20,14,31986,1,0,3,89,28,0
10037,1196,71,15,94732,0,0,29,97,1408,0
10039,933,77,17,124217,0,0,37,63,1919,0
10040,890,62,17,101171,0,0,19,26,761,0
10047,1177,28,16,51045,1,0,2,92,41,0
10054,953,62,16,77888,0,0,20,21,828,0
10059,1041,50,19,71578,1,1,6,55,150,0
10063,554,50,18,76384,0,1,15,27,549,0
10065,761,52,17,81270,0,1,8,55,220,0
10066,912,22,15,29672,0,0,2,13,25,0
10080,845,55,16,89265,0,1,22,8,951,0
10087,1083,54,18,77744,0,1,19,77,768,0
10096,1099,33,15,50391,1,0,8,12,218,0
10110,622,39,18,50927,1,1,4,20,43,0
10111,1059,41,18,67477,1,1,15,6,535,0
10113,1233,74,19,87285,0,0,29,10,1403,0
10116,1051,68,16,82117,0,0,26,54,1203,0
10132,1041,45,19,54837,0,1,8,54,225,0
10137,597,19,13,29026,0,0,1,28,13,0
10139,964,48,19,64728,0,1,10,88,295,0
10143,587,50,18,65943,0,0,5,30,119,0
10150,798,59,18,88215,0,0,21,97,898,0
10152,699,69,15,117815,0,0,24,66,1091,0
10155,966,59,20,113153,0,0,33,1,1664,1
10158,1088,27,18,33606,0,0,7,11,183,0
10162,1012,24,18,39262,0,0,6,30,151,0
10165,784,26,20,34628,1,0,3,98,26,0
10167,751,61,18,78865,0,1,11,95,343,0
10172,698,70,18,108187,0,0,27,64,1284,0
10180,1040,65,17,109157,0,0,39,99,2040,1
10181,653,22,16,29546,0,0,5,22,59,0
10185,715,66,15,81476,0,0,21,75,896,1
10186,1069,69,19,102420,0,0,43,6,2291,1
10189,1232,63,17,75585,0,1,23,14,1023,0
10194,634,51,17,78256,0,1,12,21,386,0
10210,1130,36,16,59851,1,1,17,39,644,0
10213,970,77,19,101882,0,0,35,15,1788,1
10219,1191,31,15,49945,1,0,7,34,182,0
10228,786,56,14,93260,1,0,25,73,1141,0
10229,725,74,17,108821,0,0,28,25,1342,0
10232,1186,65,14,93161,0,0,37,61,1920,0
10234,732,63,18,92046,0,1,27,26,1268,0
10235,1088,45,20,51839,0,1,14,61,481,0
10236,648,43,17,42858,1,1,4,76,53,0
10238,695,73,17,100395,1,1,20,94,832,0
10241,802,75,15,89645,0,0,18,65,715,0
10247,970,48,15,69602,1,1,9,32,257,0
10249,1192,74,16,111030,1,1,27,98,1276,0
10250,770,65,19,99923,0,0,31,9,1539,1
10252,842,76,20,110310,0,0,27,28,1273,0
10253,922,35,19,50422,1,1,3,39,49,0
10260,948,48,16,68916,1,1,9,85,259,0
10265,751,36,19,54350,1,1,4,76,63,0
10269,1125,22,16,19986,1,0,1,467,18,0
10270,1196,53,14,91079,0,1,31,58,1539,0
10275,783,31,17,31190,1,0,3,59,36,0
10282,1001,24,17,30139,1,0,4,10,62,0
10283,1185,35,17,37512,1,1,2,61,23,0
10304,866,73,16,91467,0,0,22,40,962,0
10309,1005,30,15,48086,1,1,4,54,71,0
10322,558,73,19,108459,0,0,28,25,1339,0
10325,1117,37,18,51520,0,1,2,70,40,0
10342,959,21,15,36763,1,0,1,23,19,0
10351,967,72,19,111551,1,1,24,57,1083,0
10353,949,51,19,84695,0,1,20,83,823,0
10356,694,32,17,44313,1,0,4,71,64,0
10362,1118,49,19,91125,0,1,26,76,1206,0
10363,1173,61,17,94790,0,1,22,32,962,0
10367,1172,44,16,63093,1,1,8,45,223,0
10368,1131,23,17,31322,1,0,2,79,40,0
10375,1186,47,20,47359,1,1,1,452,19,0
10379,825,62,15,106870,0,1,34,98,1732,1
10380,1185,55,20,83392,1,1,14,20,494,0
10387,1058,45,20,59415,0,1,13,26,437,0
10388,642,56,18,80043,0,1,6,28,148,0
10393,1105,34,20,78294,1,0,18,55,718,0
10395,741,73,19,120048,0,0,40,1,2106,1
10396,1193,20,14,27053,1,0,2,97,22,0
10411,663,64,14,100714,0,1,19,54,770,0
10414,1027,49,19,70876,0,1,17,73,644,0
10415,1082,74,17,110063,0,0,41,76,2164,1
10418,592,24,18,22350,1,1,2,81,14,0
10424,1065,72,15,105566,0,0,45,71,2407,1
10429,1089,64,16,91753,0,1,28,89,1341,0
10430,1123,64,20,90056,0,1,30,44,1469,0
10439,1130,40,14,56230,1,1,14,95,487,0
10444,689,66,14,87901,0,0,18,24,710,0
10453,630,63,15,99556,0,1,22,34,946,0
10457,552,49,15,64099,0,1,5,12,89,0
10462,1206,56,18,75374,0,1,29,20,1400,0
10464,651,61,18,100581,0,1,27,57,1283,0
10467,574,29,15,43981,0,1,5,90,119,0
10470,554,78,14,122430,0,0,31,9,1543,1
10472,928,36,14,33998,1,1,1,103,10,0
10480,628,66,14,84798,0,0,5,60,117,0
10481,1187,64,19,82619,0,1,33,38,1666,1
10484,724,35,16,46859,0,1,9,47,257,0
10490,818,18,12,23466,0,0,5,26,84,0
10498,640,27,18,42368,1,0,2,64,29,0
10499,623,45,14,55685,0,1,4,55,56,0
10502,774,68,20,109962,0,0,35,41,1789,0
10518,916,75,19,99118,0,0,32,55,1594,0
10519,1089,66,15,94315,0,0,34,49,1728,0
10520,837,66,19,99490,0,0,32,16,1598,0
10522,924,45,18,74838,0,1,16,65,605,0
10528,1184,26,18,36098,1,0,2,22,41,0
10529,647,37,19,68440,1,1,4,22,76,0
10537,594,19,13,36066,1,0,1,131,10,0
10539,986,21,15,41531,0,1,10,45,303,0
10542,752,24,16,20567,1,0,3,70,41,0
10545,1176,30,19,40150,1,0,4,18,92,0
10548,816,70,18,87011,0,0,20,73,830,0
10559,850,73,19,131672,0,0,40,49,2102,1
10566,1122,46,16,82221,1,1,23,39,1011,0
10569,731,63,19,97551,1,1,13,54,441,0
10572,1005,52,14,61035,0,1,12,45,387,0
10575,575,76,14,119104,0,0,27,23,1281,0
10580,1047,24,18,33220,1,0,4,27,68,0
10588,557,44,17,66734,1,1,4,12,61,0
10591,588,38,17,53327,1,1,1,385,15,0
10618,1141,74,18,103863,1,0,28,74,1343,0
10623,574,28,19,39947,1,0,4,39,62,0
10625,1249,48,17,79003,0,1,20,59,829,0
10631,661,70,15,78469,0,0,14,71,494,0
10640,884,27,15,36811,1,0,5,93,87,0
10646,1191,35,19,53745,1,1,1,19,20,0
10658,1072,64,15,110251,0,0,41,94,2170,0
10659,1004,52,16,61349,0,0,12,32,389,0
10662,807,73,16,120862,1,0,38,63,1984,1
10663,971,26,15,47547,1,0,4,95,93,0
10677,827,77,19,126159,0,0,37,33,1924,0
10679,873,22,15,45806,1,0,2,27,36,0
10680,1154,18,12,30950,0,0,5,99,73,0
10683,711,69,18,105413,1,0,21,98,887,0
10687,770,48,16,66569,1,1,7,86,184,0
10693,1050,61,16,84518,0,1,19,75,767,0
10697,704,29,17,18726,1,0,2,24,20,0
10700,1247,22,15,25013,0,0,8,29,216,0
10703,780,62,18,98384,0,1,26,41,1218,0
10716,1200,68,15,92278,0,0,32,4,1603,1
10720,1236,43,19,59028,1,1,10,23,303,0
10721,739,46,17,68928,0,1,9,21,260,0
10722,775,77,20,106341,0,0,29,14,1412,0
10725,746,46,14,71589,0,1,6,30,150,0
10726,1075,40,18,60243,0,0,10,33,300,0
10728,917,47,18,71790,0,1,14,64,491,0
10730,964,52,17,67649,0,1,4,61,91,0
10732,587,40,18,63712,1,1,4,62,92,0
10734,1194,65,17,102366,0,0,32,56,1600,0
10735,660,75,18,102818,0,0,23,57,1019,0
10737,1077,49,16,73534,1,0,23,30,1014,0
10738,1190,40,18,64412,0,0,19,56,771,0
10740,1202,70,14,119429,0,0,41,44,2166,1
10747,999,42,18,66019,1,1,10,39,302,0
10752,1233,35,18,21315,1,1,4,97,34,0
10754,757,42,16,64914,1,1,1,508,20,0
10759,667,55,15,86311,0,1,18,14,706,0
10767,1124,44,14,50525,1,0,7,31,180,0
10769,734,60,18,87999,0,1,9,28,258,0
10777,1039,73,18,117737,0,0,32,56,1596,0
10779,1114,35,18,49790,1,0,7,13,183,0
10782,1132,74,19,110399,0,0,43,23,2287,1
10783,737,39,20,71604,1,1,13,0,445,0
10785,746,41,18,61976,1,1,4,7,90,0
10789,1010,32,16,51959,1,0,4,94,90,0
10791,1147,24,14,19353,1,0,5,71,62,0
10796,905,70,18,113867,0,0,45,99,2409,1
10799,598,66,19,97010,1,0,28,72,1348,1
10810,677,59,16,65603,1,0,8,7,221,0
10812,931,56,16,97602,0,1,11,59,337,0
10813,723,44,14,70320,0,1,5,35,117,0
10821,1189,42,20,50373,0,1,13,68,445,0
10828,862,73,15,119348,0,0,40,69,2108,1
10839,866,60,19,76409,0,1,14,78,494,0
10842,1094,74,16,111373,0,0,36,98,1853,0
10845,980,41,19,50438,0,1,2,82,42,0
10846,1020,28,15,52782,1,0,10,78,294,0
10847,1177,60,20,87849,1,0,29,23,1400,0
10856,743,31,14,55818,1,0,6,97,148,0
10859,878,31,16,47415,1,0,7,9,182,0
10863,1036,28,16,53809,1,1,3,79,46,0
10865,660,52,14,79419,1,1,10,93,301,0
10867,791,35,15,39473,1,0,2,20,35,0
10869,1171,50,19,95958,0,1,24,59,1088,0
10872,1108,31,18,42931,1,0,5,32,60,0
10878,700,59,15,71725,0,1,11,45,344,0
10884,1123,69,20,114757,0,0,40,33,2103,0
10904,598,42,14,69593,1,1,1,402,19,0
10905,763,75,19,106670,0,0,28,89,1340,0
10907,741,24,18,36320,1,0,4,74,45,0
10912,761,54,19,64614,0,0,8,68,217,0
10918,563,55,16,78245,0,0,18,71,716,0
10930,930,42,17,47630,1,0,3,89,50,0
10934,920,64,19,92746,0,0,29,98,1399,0
10943,941,53,15,79087,0,1,16,84,603,1
10944,973,54,15,66355,0,0,15,92,533,0
10946,593,54,14,80242,0,1,1,323,20,0
10955,909,76,17,122087,0,0,43,76,2290,0
10962,628,41,15,72138,1,1,6,78,152,0
10965,937,63,18,93674,0,1,27,25,1268,0
10967,821,38,20,68733,1,1,9,78,260,0
10975,794,72,19,93012,0,0,23,38,1028,0
10985,839,67,19,100928,0,0,25,6,1152,0
10986,1155,23,17,50329,0,0,7,80,188,0
10990,1036,73,18,104990,0,1,32,75,1607,0
11000,771,20,14,26385,1,0,4,24,46,0